id,active,applies_to_type,arguments,domain,destination_name,type_id,remote_call,model_id,name,sequence_number,status
resourcing_lines,TRUE,TRUE,"['sync_order_line_db_id', 'partner_id', 'resource_ok', 'resource_sync_line_db_id', 'partner_type']","[('partner_type','!=','external'), ('partner_id', '!=', False)]",partner_id,MISSION,sale.order.line.cancel.create_line,sale.order.line.cancel,Resourcing lines,1,Valid
po_creates_fo,TRUE,TRUE,"['name', 'analytic_distribution_id/id', 'delivery_requested_date','details','notes', 'origin', 'categ', 'order_type', 'priority', 'loan_duration', 'is_a_counterpart', 'sourced_references', 'order_line/product_id/id', 'order_line/product_id/name','order_line/id', 'order_line/name', 'order_line/product_qty', 'order_line/product_uom', 'order_line/price_unit', 'order_line/analytic_distribution_id/id','order_line/comment','order_line/have_analytic_distribution_from_header','order_line/line_number', 'order_line/nomen_manda_0/id','order_line/nomen_manda_1/id','order_line/nomen_manda_2/id','order_line/nomen_manda_3/id', 'order_line/sync_order_line_db_id', 'order_line/nomenclature_description','order_line/notes','order_line/default_name','order_line/default_code','order_line/is_line_split','order_line/date_planned']","['&','&','&',('partner_type','!=','external'),('state','in',['confirmed']), ('split_po','!=','True'),('push_fo','!=','True')]",partner_id,MISSION,sale.order.create_so,purchase.order,PO creates FO,2,Valid
split_po_lines_from_splitted_fo_lines,TRUE,TRUE,"['partner_id','old_sync_order_line_db_id','new_sync_order_line_db_id','new_line_qty','old_line_qty']","[]",partner_id,MISSION,purchase.order.line.to.split.create_from_sync_message,sync.sale.order.line.split,Split PO lines from splitted FO lines,3,Valid
validated_fo_updates_po,TRUE,TRUE,"['name','state','analytic_distribution_id/id', 'original_so_id_sale_order','categ', 'order_type', 'priority', 'loan_duration','delivery_confirmed_date','est_transport_lead_time', 'transport_type', 'ready_to_ship_date', 'details', 'note','client_order_ref', 'order_line/product_id/id', 'order_line/product_id/name','order_line/id', 'order_line/name', 'order_line/product_uom_qty', 'order_line/product_uom', 'order_line/price_unit', 'order_line/analytic_distribution_id/id','order_line/comment','order_line/have_analytic_distribution_from_header','order_line/line_number', 'order_line/nomen_manda_0/id','order_line/nomen_manda_1/id','order_line/nomen_manda_2/id','order_line/nomen_manda_3/id', 'order_line/sync_order_line_db_id', 'order_line/nomenclature_description','order_line/notes','order_line/default_name','order_line/default_code','order_line/date_planned','order_line/is_line_split', 'order_line/confirmed_delivery_date', 'order_line/cancel_split_ok']","['&','&','&',('partner_type','!=','external'),('state','in',['validated', 'done']),('original_so_id_sale_order','=',''), ('client_order_ref','!=',False)]",partner_id,MISSION,purchase.order.validated_fo_update_original_po,sale.order,Validated FO updates  PO,4,Valid
normal_fo_creates_po,TRUE,TRUE,"['name','state','analytic_distribution_id/id','parent_order_name','delivery_confirmed_date','est_transport_lead_time', 'categ', 'order_type', 'priority', 'loan_duration','transport_type', 'ready_to_ship_date', 'details', 'note','client_order_ref', 'order_line/product_id/id', 'order_line/product_id/name','order_line/id', 'order_line/name', 'order_line/product_uom_qty', 'order_line/product_uom', 'order_line/price_unit', 'order_line/analytic_distribution_id/id','order_line/comment','order_line/have_analytic_distribution_from_header','order_line/line_number', 'order_line/nomen_manda_0/id','order_line/nomen_manda_1/id','order_line/nomen_manda_2/id','order_line/nomen_manda_3/id', 'order_line/sync_order_line_db_id', 'order_line/nomenclature_description','order_line/notes','order_line/default_name','order_line/default_code','order_line/date_planned', 'order_line/confirmed_delivery_date']","['&','&','&',('partner_type','!=','external'),('state','in',['validated','done']),('client_order_ref','=',False),('split_type_sale_order','=','original_sale_order')]",partner_id,MISSION,purchase.order.normal_fo_create_po,sale.order,Normal FO creates PO,5,Valid
split_fo_creates_split_po,TRUE,TRUE,"['name','state','analytic_distribution_id/id', 'delivery_confirmed_date','categ', 'order_type', 'priority', 'loan_duration','est_transport_lead_time', 'transport_type', 'ready_to_ship_date', 'details', 'note','client_order_ref', 'order_line/product_id/id', 'order_line/product_id/name','order_line/id', 'order_line/is_line_split','order_line/name', 'order_line/product_uom_qty', 'order_line/product_uom', 'order_line/price_unit', 'order_line/analytic_distribution_id/id','order_line/comment','order_line/have_analytic_distribution_from_header','order_line/line_number', 'order_line/nomen_manda_0/id','order_line/nomen_manda_1/id','order_line/nomen_manda_2/id','order_line/nomen_manda_3/id', 'order_line/sync_order_line_db_id', 'order_line/nomenclature_description','order_line/notes','order_line/default_name','order_line/default_code','order_line/date_planned', 'order_line/confirmed_delivery_date', 'order_line/source_sync_line_id']","['&',('partner_type','!=','external'),('original_so_id_sale_order','!=','False')]",partner_id,MISSION,purchase.order.create_split_po,sale.order,Split FO creates Split PO,6,Valid
split_fo_updates_split_po,TRUE,TRUE,"['name', 'state', 'client_order_ref','sync_date','analytic_distribution_id/id','categ', 'order_type', 'priority', 'loan_duration', 'delivery_confirmed_date','est_transport_lead_time', 'transport_type', 'note','original_so_id_sale_order', 'ready_to_ship_date', 'order_line/product_id/id', 'order_line/product_id/name','order_line/id', 'order_line/name', 'order_line/is_line_split','order_line/product_uom_qty', 'order_line/product_uom', 'order_line/price_unit', 'order_line/analytic_distribution_id/id','order_line/comment','order_line/have_analytic_distribution_from_header','order_line/line_number', 'order_line/nomen_manda_0/id','order_line/nomen_manda_1/id','order_line/nomen_manda_2/id','order_line/nomen_manda_3/id', 'order_line/sync_order_line_db_id', 'order_line/nomenclature_description','order_line/notes','order_line/default_name','order_line/default_code', 'order_line/confirmed_delivery_date', 'order_line/source_sync_line_id', 'order_line/sync_sourced_origin']","['&','&',('partner_type','!=','external'),('state','in',['manual','progress','shipping_except','invoice_except','done']),('original_so_id_sale_order','!=','False')]",partner_id,MISSION,purchase.order.update_split_po,sale.order,Split FO updates split PO,7,Valid
po_updates_so_ref,TRUE,TRUE,"['name','state','partner_ref']","['&','&','&',('partner_type','!=','external'),('state','in',['confirmed','sourced','split', 'approved']),('partner_ref','!=',False),'!',('partner_ref', 'like', 'invalid_by_recovery')]",partner_id,MISSION,sale.order.update_sub_so_ref,purchase.order,PO updates SO ref,8,Valid
fo_updates_po_ref,TRUE,TRUE,"['name','state','client_order_ref']","['&','&','&',('partner_type','!=','external'),('client_order_ref','!=',False),('split_type_sale_order','=','original_sale_order'),'!',('client_order_ref', 'like', 'invalid_by_recovery')]",partner_id,MISSION,purchase.order.update_fo_ref,sale.order,FO updates PO ref,9,Valid
update_in_ref,TRUE,TRUE,"['name','shipment_ref']","['&',('shipment_ref','!=',False),'!',('shipment_ref', 'like', 'invalid_by_recovery')]",partner_id,MISSION,stock.picking.update_in_ref,stock.picking,IN updates ref to OUT SHIP,10,Valid
canceled_fo_cancels_po,TRUE,TRUE,"['name','state', 'client_order_ref']","[('state', '=', 'cancel'), ('client_order_ref', '!=', '')]",partner_id,MISSION,purchase.order.canceled_fo_cancel_po,sale.order,Canceled FO cancels PO,18,Valid
partial_shipped_coordo_updates_in_at_project,TRUE,TRUE,"['name', 'state', 'origin', 'partner_type_stock_picking', 'shipment_id/name', 'min_date', 'note', 'move_lines/processed_stock_move', 'move_lines/id', 'move_lines/state','move_lines/original_qty_partial', 'move_lines/line_number', 'move_lines/name', 'move_lines/change_reason', 'move_lines/product_id/id', 'move_lines/product_id/name', 'move_lines/product_qty', 'move_lines/prodlot_id/id','move_lines/prodlot_id/name','move_lines/prodlot_id/life_date', 'move_lines/expired_date', 'move_lines/asset_id/id','move_lines/product_uom/id', 'move_lines/product_uom/name', 'move_lines/date', 'move_lines/date_expected', 'move_lines/note', 'move_lines/location_dest_id/usage']","['&','&','&','&','&',('partner_type_stock_picking', '!=', 'external'), ('type', '=', 'out'), ('subtype', 'in', ['standard', 'packing']), ('state', '=', 'done'), ('already_shipped', '=', True), ('do_not_sync', '=', False)]",partner_id,MISSION,stock.picking.partial_shipped_fo_updates_in_po,stock.picking,Partial shipped at Coordo updates IN at Project,19,Valid
moves_from_dpo_closed_coordo_updates_in_at_project,TRUE,TRUE,"['name', 'state', 'origin', 'subtype', 'partner_type_stock_picking', 'shipment_id/name', 'min_date', 'note', 'move_lines/processed_stock_move', 'move_lines/id', 'move_lines/state','move_lines/original_qty_partial', 'move_lines/line_number', 'move_lines/name', 'move_lines/change_reason', 'move_lines/product_id/id', 'move_lines/product_id/name', 'move_lines/product_qty', 'move_lines/prodlot_id/id','move_lines/prodlot_id/name','move_lines/prodlot_id/life_date', 'move_lines/expired_date', 'move_lines/asset_id/id','move_lines/product_uom/id', 'move_lines/product_uom/name', 'move_lines/date', 'move_lines/date_expected', 'move_lines/note', 'move_lines/dpo_line_id']","['&', '&', '&', ('partner_type_stock_picking', '!=', 'external'), ('type', '=', 'out'), ('subtype', 'in', ['picking', 'standard']), ('dpo_out', '=', True)]",partner_id,MISSION,stock.picking.partial_shippped_dpo_updates_in_po,stock.picking,Moves from DPO closed at Coordo updates IN at Project,20,Valid
dpo_service_lines_update_in_at_project,TRUE,TRUE,"['order_id/name', 'order_id/delivery_confirmed_date', 'fake_id', 'origin', 'confirmed_delivery_date', 'name', 'product_uom/id', 'product_uom/name', 'link_sol_id/line_number', 'notes', 'product_qty', 'product_id/name', 'product_id/id']","[('dest_partner_id.partner_type', '=', 'internal'), ('order_id.order_type', '=', 'direct'), ('order_id.state', 'in', ['approved', 'done']), ('product_id.type', 'in', ['service', 'service_recep'])]",dest_partner_id,MISSION,purchase.order.line.confirmed_dpo_service_lines_update_in_po,purchase.order.line,DPO service lines update IN at Project,21,Valid
cancel_out_at_coordo_cancels_in_at_project,TRUE,TRUE,"['name', 'state', 'origin']","['&','&','&','&',('partner_type_stock_picking', '!=', 'external'), ('type', '=', 'out'),('state', '=', 'cancel'),('subtype', '=', 'standard'),('do_not_sync', '=', False)]",partner_id,MISSION,stock.picking.cancel_out_pick_cancel_in,stock.picking,Canceled OUT at Coordo cancels IN at Project,22,Valid
cancel_pick_at_coordo_cancels_in_at_project,TRUE,TRUE,"['name', 'state', 'origin']","['&','&','&','&','&',('partner_type_stock_picking', '!=', 'external'), ('type', '=', 'out'),('state', '=', 'cancel'),('subtype', '=', 'picking'),('backorder_id', '=', False),('do_not_sync', '=', False)]",partner_id,MISSION,stock.picking.cancel_out_pick_cancel_in,stock.picking,Canceled PICK at Coordo cancels IN at Project,23,Valid
cancel_stock_move_at_coordo_cancels_in_at_project,TRUE,TRUE,"['name', 'state', 'origin', 'date_cancel']","['&','&','&','&','&','&',('picking_id.partner_type_stock_picking', '!=', 'external'), ('type', '=', 'out'),('state', '=', 'cancel'),('picking_id.state', '=', 'done'),('picking_id.do_not_sync', '=', False),('to_be_sent', '=', True), '&', '|', ('picking_id.subtype', '=', 'picking'), ('picking_id.subtype', '=', 'standard'), ('picking_id.already_shipped', '=', False)]",partner_id,MISSION,stock.picking.cancel_stock_move_of_pick_cancel_in,stock.move,Canceled stock move cancels IN,24,Valid
closed_in_validates_delivery_out_ship,TRUE,TRUE,"['name', 'state', 'shipment_ref']","['&','&','&','&','&',('partner_type_stock_picking', '!=', 'external'), ('type', '=', 'in'),('subtype', 'in', ['standard']), ('state', '=', 'done'), ('shipment_ref', '!=', False), ('dpo_incoming', '=', False)]",partner_id,MISSION,stock.picking.closed_in_validates_delivery_out_ship,stock.picking,Closed IN validates delivery of OUT-SHIP,26,Valid
closed_in_confirms_dpo_reception,TRUE,TRUE,"['name', 'state', 'dpo_line_id']","['&','&','&','&',('picking_id.partner_type_stock_picking', '!=', 'external'), ('picking_id.type', '=', 'in'), ('picking_id.subtype', 'in', ['standard']), ('state', '=', 'done'), ('dpo_line_id', '!=', 0)]",partner_id,MISSION,stock.picking.closed_in_confirms_dpo_reception,stock.move,Closed IN confirms DPO reception,27,Valid
create_batch_object,FALSE,TRUE,"['name', 'xmlid_name', 'prefix', 'product_id/id', 'partner_id/id', 'date', 'ref','life_date','sequence_id','type']","[('name', '=', False)]",partner_id,MISSION,stock.picking.create_batch_number,stock.production.lot,Create Batch Object,1001,Valid
create_asset_object,TRUE,TRUE,"['name', 'xmlid_name', 'arrival_date', 'asset_type_id/id', 'partner_id/id', 'brand', 'comment', 'description', 'hq_ref', 'international_po', 'invo_certif_depreciation', 'invo_currency/id', 'invo_date', 'invo_donator_code', 'invo_num', 'invo_supplier', 'invo_value', 'local_ref', 'model', 'orig_mission_code', 'product_id/id', 'project_po', 'receipt_place', 'serial_nb', 'type', 'year']","[('name', '=', False)]",partner_id,MISSION,stock.picking.create_asset,product.asset,Create Asset Object,1002,Valid
reset_ref_by_recovery_mode,TRUE,TRUE,['name'],"[('name', '=', False)]",partner_id,MISSION,sale.order.reset_ref_by_recovery_mode,sale.order,Reset Due to Recovery,1003,Valid
USB_replicate_po,TRUE,TRUE,"['name', 'analytic_distribution_id/id', 'partner_id/id','pricelist_id/id','delivery_requested_date','details','notes', 'origin', 'categ', 'order_type', 'priority', 'loan_duration', 'is_a_counterpart', 'cross_docking_ok', 'order_line/product_id/id', 'order_line/product_id/name','order_line/id', 'order_line/name', 'order_line/product_qty', 'order_line/product_uom', 'order_line/price_unit', 'order_line/analytic_distribution_id/id','order_line/comment','order_line/have_analytic_distribution_from_header','order_line/line_number', 'order_line/nomen_manda_0/id','order_line/nomen_manda_1/id','order_line/nomen_manda_2/id','order_line/nomen_manda_3/id', 'order_line/sync_order_line_db_id', 'order_line/nomenclature_description','order_line/notes','order_line/default_name','order_line/default_code','order_line/is_line_split','order_line/date_planned','order_line/procurement_id/id']","[('state','in',['approved', 'done'])]",partner_id,USB,purchase.order.usb_replicate_po,purchase.order,USB_replicate_po,2000,Valid
USB_replicate_fo,TRUE,TRUE,"['name', 'location_requestor_id/id', 'analytic_distribution_id/id', 'partner_id/id','pricelist_id/id','delivery_requested_date','details','notes', 'origin', 'categ', 'order_type', 'priority', 'loan_duration', 'is_a_counterpart', 'order_line/product_id/id', 'order_line/product_id/name','order_line/id', 'order_line/name', 'order_line/product_uom_qty', 'order_line/product_uom', 'order_line/price_unit', 'order_line/analytic_distribution_id/id','order_line/comment','order_line/have_analytic_distribution_from_header','order_line/line_number', 'order_line/nomen_manda_0/id','order_line/nomen_manda_1/id','order_line/nomen_manda_2/id','order_line/nomen_manda_3/id', 'order_line/sync_order_line_db_id', 'order_line/nomenclature_description','order_line/notes','order_line/default_name','order_line/default_code','order_line/is_line_split','order_line/date_planned','order_line/procurement_id/id']","[('state','in',['manual','done','progress'])]",partner_id,USB,sale.order.usb_replicate_fo,sale.order,USB_replicate_fo,2001,Valid
USB_replicate_ir,TRUE,TRUE,"['name', 'location_requestor_id/id', 'analytic_distribution_id/id', 'partner_id/id','pricelist_id/id','delivery_requested_date','details','notes', 'origin', 'categ', 'order_type', 'priority', 'loan_duration', 'is_a_counterpart', 'order_line/product_id/id', 'order_line/product_id/name','order_line/id', 'order_line/name', 'order_line/product_uom_qty', 'order_line/product_uom', 'order_line/price_unit','order_line/cost_price', 'order_line/analytic_distribution_id/id','order_line/comment','order_line/have_analytic_distribution_from_header','order_line/line_number', 'order_line/nomen_manda_0/id','order_line/nomen_manda_1/id','order_line/nomen_manda_2/id','order_line/nomen_manda_3/id', 'order_line/sync_order_line_db_id', 'order_line/nomenclature_description','order_line/notes','order_line/default_name','order_line/default_code','order_line/is_line_split','order_line/date_planned','order_line/procurement_id/id']","[('procurement_request', '=', True), ('state', 'in', ['progress','done'])]",partner_id,USB,sale.order.usb_replicate_fo,sale.order,USB_replicate_ir,2003,Valid
USB_replicate_in,TRUE,TRUE,"['name','subtype','rw_force_seq','from_wkf','state','stock_journal_id/id','origin','purchase_id/id', 'sale_id/id', 'shipment_id/name','shipment_id/num_of_packs','previous_step_id/name','location_id/id','backorder_ids/id', 'backorder_ids/rw_sdref_counterpart', 'backorder_id/id','backorder_id/name','warehouse_id/id','order_category','overall_qty','change_reason','cross_docking_ok','location_dest_id/id','address_id', 'partner_type_stock_picking', 'delivered','reason_type_id/id','min_date', 'note', 'partner_id', 'move_type', 'type', 'dpo_out', 'flow_type', 'transport_order_id/id', 'direct_incoming','shipment_id/name', 'move_lines/processed_stock_move', 'move_lines/id', 'move_lines/state','move_lines/original_qty_partial', 'move_lines/line_number', 'move_lines/name', 'move_lines/change_reason', 'move_lines/reason_type_id/id','move_lines/product_id/id', 'move_lines/product_id/name', 'move_lines/product_qty', 'move_lines/product_uos_qty', 'move_lines/prodlot_id/id', 'move_lines/expired_date', 'move_lines/asset_id/id','move_lines/product_uom/id', 'move_lines/product_uom/name', 'move_lines/date', 'move_lines/date_expected', 'move_lines/note', 'move_lines/location_dest_id/id','move_lines/location_requestor_rw/id','move_lines/location_id/id','move_lines/from_pack','move_lines/to_pack','move_lines/width','move_lines/height','move_lines/weight','move_lines/length','move_lines/pack_type','move_lines/purchase_line_id/id','move_lines/sale_line_id/id','move_lines/price_unit','move_lines/price_currency_id/id']","[('type', '=', 'in'),('subtype', '=', 'standard'),('state', 'in', ['assigned']),('already_replicated', '=', False),('partner_id', '!=', False)]",partner_id,USB,stock.picking.usb_replicate_in,stock.picking,USB_replicate_in,2010,Valid
USB_update_in_shipped_available,TRUE,TRUE,"['name','from_wkf','subtype','rw_force_seq','state','stock_journal_id/id','origin','purchase_id/id', 'sale_id/id', 'shipment_id/name','shipment_id/num_of_packs','previous_step_id/name','location_id/id','backorder_ids/id', 'backorder_ids/rw_sdref_counterpart', 'backorder_id/id','backorder_id/name','warehouse_id/id','order_category','overall_qty','change_reason','cross_docking_ok','location_dest_id/id','address_id', 'partner_type_stock_picking', 'delivered','reason_type_id/id','min_date', 'note', 'partner_id', 'move_type', 'type', 'dpo_out', 'flow_type', 'transport_order_id/id', 'direct_incoming','shipment_id/name', 'move_lines/processed_stock_move', 'move_lines/id', 'move_lines/state','move_lines/original_qty_partial', 'move_lines/line_number', 'move_lines/name', 'move_lines/change_reason', 'move_lines/reason_type_id/id','move_lines/product_id/id', 'move_lines/product_id/name', 'move_lines/product_qty', 'move_lines/product_uos_qty', 'move_lines/prodlot_id/id', 'move_lines/expired_date', 'move_lines/asset_id/id','move_lines/product_uom/id', 'move_lines/product_uom/name', 'move_lines/date', 'move_lines/date_expected', 'move_lines/note', 'move_lines/location_dest_id/id','move_lines/location_requestor_rw/id','move_lines/location_id/id','move_lines/from_pack','move_lines/to_pack','move_lines/width','move_lines/height','move_lines/weight','move_lines/length','move_lines/pack_type','move_lines/purchase_line_id/id','move_lines/sale_line_id/id','move_lines/price_unit','move_lines/price_currency_id/id']","[('type', '=', 'in'),('subtype', '=', 'standard'),('state', 'in', ['shipped']),('partner_id', '!=', False),('already_replicated', '=', False)]",partner_id,USB,stock.picking.usb_update_in_shipped_available,stock.picking,USB_update_in_shipped_available,2011,Valid
USB_cancel_in,TRUE,TRUE,"['name','subtype','origin']","[('type', '=', 'in'),('subtype', '=', 'standard'),('state', 'in', ['cancel']),('partner_id', '!=', False)]",partner_id,USB,stock.picking.usb_cancel_in,stock.picking,USB_cancel_in,2012,Valid
USB_cancel_pick_out,TRUE,TRUE,"['name','subtype','origin']","[('type', '=', 'out'),('state', 'in', ['cancel']),('partner_id', '!=', False), ('already_replicated', '=', False)]",partner_id,USB,stock.picking.usb_cancel_pick_out,stock.picking,USB_cancel_pick_out,2013,Valid
USB_create_partial_in,TRUE,TRUE,"['name','from_wkf','subtype','date_done','associate_pick_name','rw_force_seq','state','stock_journal_id/id','purchase_id/id', 'sale_id/id','origin','shipment_id/name','shipment_id/num_of_packs','previous_step_id/name','location_id/id','backorder_ids/id','backorder_ids/rw_sdref_counterpart', 'backorder_id/id','backorder_id/name','warehouse_id/id','order_category','overall_qty','change_reason','cross_docking_ok','location_dest_id/id','address_id', 'partner_type_stock_picking', 'delivered','reason_type_id/id','min_date', 'note', 'partner_id', 'move_type', 'type', 'dpo_out', 'flow_type', 'transport_order_id/id', 'direct_incoming','shipment_id/name', 'move_lines/processed_stock_move', 'move_lines/id', 'move_lines/state','move_lines/original_qty_partial', 'move_lines/line_number', 'move_lines/name', 'move_lines/change_reason', 'move_lines/reason_type_id/id','move_lines/product_id/id', 'move_lines/product_id/name', 'move_lines/product_qty', 'move_lines/product_uos_qty', 'move_lines/prodlot_id/id', 'move_lines/expired_date', 'move_lines/asset_id/id','move_lines/product_uom/id', 'move_lines/product_uom/name', 'move_lines/date', 'move_lines/date_expected', 'move_lines/note', 'move_lines/location_dest_id/id','move_lines/location_id/id','move_lines/location_requestor_rw/id','move_lines/from_pack','move_lines/to_pack','move_lines/width','move_lines/height','move_lines/weight','move_lines/length','move_lines/pack_type','move_lines/purchase_line_id/id','move_lines/sale_line_id/id','move_lines/price_unit','move_lines/price_currency_id/id']","[('type', '=', 'in'),('subtype', '=', 'standard'),('state', 'in', ['done']),('already_replicated', '=',False),('partner_id', '!=', False)]",partner_id,USB,stock.picking.usb_create_partial_in,stock.picking,USB_create_partial_in,2015,Valid
USB_replicate_int,TRUE,TRUE,"['name','from_wkf','subtype','date_done','rw_force_seq','state','stock_journal_id/id','purchase_id/id', 'sale_id/id','origin','shipment_id/name','shipment_id/num_of_packs','previous_step_id/name','location_id/id','backorder_ids/id', 'backorder_ids/rw_sdref_counterpart', 'backorder_id/id','backorder_id/name','warehouse_id/id','order_category','overall_qty','change_reason','cross_docking_ok','location_dest_id/id','address_id', 'partner_type_stock_picking', 'delivered','reason_type_id/id','min_date', 'note', 'partner_id', 'move_type', 'type', 'dpo_out', 'flow_type', 'transport_order_id/id', 'direct_incoming','shipment_id/name', 'move_lines/processed_stock_move', 'move_lines/id', 'move_lines/state','move_lines/original_qty_partial', 'move_lines/line_number', 'move_lines/name', 'move_lines/change_reason', 'move_lines/reason_type_id/id','move_lines/product_id/id', 'move_lines/product_id/name', 'move_lines/product_qty', 'move_lines/product_uos_qty', 'move_lines/prodlot_id/id', 'move_lines/expired_date', 'move_lines/asset_id/id','move_lines/product_uom/id', 'move_lines/product_uom/name', 'move_lines/date', 'move_lines/date_expected', 'move_lines/note', 'move_lines/location_dest_id/id','move_lines/location_id/id','move_lines/from_pack','move_lines/to_pack','move_lines/width','move_lines/height','move_lines/weight','move_lines/length','move_lines/pack_type','move_lines/purchase_line_id/id','move_lines/sale_line_id/id','move_lines/price_unit','move_lines/price_currency_id/id']","[('type', '=', 'internal'),('subtype', '=', 'standard'),('state', 'in', ['assigned','done','confirmed']),('already_replicated', '=', False)]",partner_id,USB,stock.picking.usb_replicate_int,stock.picking,USB_replicate_int,2020,Valid
USB_create_partial_int_moves,TRUE,TRUE,"['name','from_wkf','date_done','subtype','associate_pick_name','rw_force_seq','state','stock_journal_id/id','purchase_id/id', 'sale_id/id','origin','shipment_id/name','shipment_id/num_of_packs','previous_step_id/name','location_id/id','backorder_ids/id', 'backorder_ids/rw_sdref_counterpart', 'backorder_id/id','backorder_id/name','warehouse_id/id','order_category','overall_qty','change_reason','cross_docking_ok','location_dest_id/id','address_id', 'partner_type_stock_picking', 'delivered','reason_type_id/id','min_date', 'note', 'partner_id', 'move_type', 'type', 'dpo_out', 'flow_type', 'transport_order_id/id', 'direct_incoming','shipment_id/name', 'move_lines/processed_stock_move', 'move_lines/id', 'move_lines/state','move_lines/original_qty_partial', 'move_lines/line_number', 'move_lines/name', 'move_lines/change_reason', 'move_lines/reason_type_id/id','move_lines/product_id/id', 'move_lines/product_id/name', 'move_lines/product_qty', 'move_lines/product_uos_qty', 'move_lines/prodlot_id/id', 'move_lines/expired_date', 'move_lines/asset_id/id','move_lines/product_uom/id', 'move_lines/product_uom/name', 'move_lines/date', 'move_lines/date_expected', 'move_lines/note', 'move_lines/location_dest_id/id','move_lines/location_id/id','move_lines/location_requestor_rw/id','move_lines/from_pack','move_lines/to_pack','move_lines/width','move_lines/height','move_lines/weight','move_lines/length','move_lines/pack_type','move_lines/purchase_line_id/id','move_lines/sale_line_id/id','move_lines/price_unit','move_lines/price_currency_id/id']","[('type', '=', 'internal'),('subtype', '=', 'standard'),('state', 'in', ['done'])]",partner_id,USB,stock.picking.usb_create_partial_int_moves,stock.picking,USB_create_partial_int_moves,2021,Valid
USB_replicate_out,TRUE,TRUE,"['name','subtype','from_wkf','state','stock_journal_id/id','purchase_id/id', 'sale_id/id','origin','shipment_id/name','shipment_id/num_of_packs','previous_step_id/name','location_id/id', 'backorder_id/id','backorder_id/name','backorder_ids/id','backorder_ids/rw_sdref_counterpart', 'warehouse_id/id','order_category','overall_qty','change_reason','cross_docking_ok','location_dest_id/id','address_id', 'partner_type_stock_picking', 'delivered','reason_type_id/id','min_date', 'note', 'partner_id', 'move_type', 'type', 'dpo_out', 'flow_type', 'transport_order_id/id', 'direct_incoming','shipment_id/name', 'move_lines/processed_stock_move', 'move_lines/id', 'move_lines/state','move_lines/original_qty_partial', 'move_lines/line_number', 'move_lines/name', 'move_lines/change_reason', 'move_lines/reason_type_id/id','move_lines/product_id/id', 'move_lines/product_id/name', 'move_lines/product_qty', 'move_lines/product_uos_qty', 'move_lines/prodlot_id/id', 'move_lines/expired_date', 'move_lines/asset_id/id','move_lines/product_uom/id', 'move_lines/product_uom/name', 'move_lines/date', 'move_lines/date_expected', 'move_lines/note', 'move_lines/location_dest_id/id','move_lines/location_id/id','move_lines/from_pack','move_lines/to_pack','move_lines/width','move_lines/height','move_lines/weight','move_lines/length','move_lines/pack_type','move_lines/purchase_line_id/id','move_lines/sale_line_id/id','move_lines/price_unit','move_lines/price_currency_id/id']","[('type', '=', 'out'),('subtype', '=', 'standard'),('state', 'in', ['confirmed', 'assigned']),('already_replicated', '=', False),('partner_id', '!=', False)]",partner_id,USB,stock.picking.usb_replicate_picking,stock.picking,USB_replicate_out,2030,Valid
USB_replicate_pick,TRUE,TRUE,"['name','subtype','from_wkf','state','stock_journal_id/id','purchase_id/id', 'sale_id/id','origin','shipment_id/name','shipment_id/num_of_packs','previous_step_id/name','location_id/id', 'backorder_id/id','backorder_id/name','backorder_ids/id','backorder_ids/rw_sdref_counterpart', 'warehouse_id/id','order_category','overall_qty','change_reason','cross_docking_ok','location_dest_id/id','address_id', 'partner_type_stock_picking', 'delivered','reason_type_id/id','min_date', 'note', 'partner_id', 'move_type', 'type', 'dpo_out', 'flow_type', 'transport_order_id/id', 'direct_incoming','shipment_id/name', 'move_lines/processed_stock_move', 'move_lines/id', 'move_lines/state','move_lines/original_qty_partial', 'move_lines/line_number', 'move_lines/name', 'move_lines/change_reason', 'move_lines/reason_type_id/id','move_lines/product_id/id', 'move_lines/product_id/name', 'move_lines/product_qty', 'move_lines/product_uos_qty', 'move_lines/prodlot_id/id', 'move_lines/expired_date', 'move_lines/asset_id/id','move_lines/product_uom/id', 'move_lines/product_uom/name', 'move_lines/date', 'move_lines/date_expected', 'move_lines/note', 'move_lines/location_dest_id/id','move_lines/location_id/id','move_lines/from_pack','move_lines/to_pack','move_lines/width','move_lines/height','move_lines/weight','move_lines/length','move_lines/pack_type','move_lines/purchase_line_id/id','move_lines/sale_line_id/id','move_lines/price_unit','move_lines/price_currency_id/id']","[('type', '=', 'out'),('subtype', '=', 'picking'),('state', 'in', ['draft']),('already_replicated', '=', False),('partner_id', '!=', False)]",partner_id,USB,stock.picking.usb_replicate_picking,stock.picking,USB_replicate_pick,2031,Valid
USB_replicate_out_conso,TRUE,TRUE,"['name','subtype','from_wkf','date_done','state','stock_journal_id/id','purchase_id/id', 'sale_id/id','origin','shipment_id/name','shipment_id/num_of_packs','previous_step_id/name','location_id/id','backorder_ids/id','backorder_ids/rw_sdref_counterpart',  'backorder_id/id','backorder_id/name','warehouse_id/id','order_category','overall_qty','change_reason','cross_docking_ok','location_dest_id/id','address_id', 'partner_type_stock_picking', 'delivered','reason_type_id/id','min_date', 'note', 'partner_id', 'move_type', 'type', 'dpo_out', 'flow_type', 'transport_order_id/id', 'direct_incoming','shipment_id/name', 'move_lines/processed_stock_move', 'move_lines/id', 'move_lines/state','move_lines/original_qty_partial', 'move_lines/line_number', 'move_lines/name', 'move_lines/change_reason', 'move_lines/reason_type_id/id','move_lines/product_id/id', 'move_lines/product_id/name', 'move_lines/product_qty', 'move_lines/product_uos_qty', 'move_lines/prodlot_id/id', 'move_lines/expired_date', 'move_lines/asset_id/id','move_lines/product_uom/id', 'move_lines/product_uom/name', 'move_lines/date', 'move_lines/date_expected', 'move_lines/note', 'move_lines/location_dest_id/id','move_lines/location_id/id','move_lines/from_pack','move_lines/to_pack','move_lines/width','move_lines/height','move_lines/weight','move_lines/length','move_lines/pack_type','move_lines/purchase_line_id/id','move_lines/sale_line_id/id','move_lines/price_unit','move_lines/price_currency_id/id']","[('type', '=', 'out'),('subtype', '=', 'standard'),('name', 'like', 'OUT-CONSO'),('state', '=', 'done'),('already_replicated', '=', False),('partner_id', '!=', False)]",partner_id,USB,stock.picking.usb_replicate_picking,stock.picking,USB_replicate_out_conso,2032,Valid
USB_convert_PICK_to_OUT,TRUE,TRUE,"['name','subtype','from_wkf','associate_pick_name','date_done','state','stock_journal_id/id','purchase_id/id', 'sale_id/id','origin','shipment_id/name','shipment_id/num_of_packs','previous_step_id/name','location_id/id','backorder_ids/id', 'backorder_ids/rw_sdref_counterpart', 'backorder_id/id','backorder_id/name','warehouse_id/id','order_category','overall_qty','change_reason','cross_docking_ok','location_dest_id/id','address_id', 'partner_type_stock_picking', 'delivered','reason_type_id/id','min_date', 'note', 'partner_id', 'move_type', 'type', 'dpo_out', 'flow_type', 'transport_order_id/id', 'direct_incoming','shipment_id/name', 'move_lines/processed_stock_move', 'move_lines/id', 'move_lines/state','move_lines/original_qty_partial', 'move_lines/line_number', 'move_lines/name', 'move_lines/change_reason', 'move_lines/reason_type_id/id','move_lines/product_id/id', 'move_lines/product_id/name', 'move_lines/product_qty', 'move_lines/product_uos_qty', 'move_lines/prodlot_id/id', 'move_lines/expired_date', 'move_lines/asset_id/id','move_lines/product_uom/id', 'move_lines/product_uom/name', 'move_lines/date', 'move_lines/date_expected', 'move_lines/note', 'move_lines/location_dest_id/id','move_lines/location_id/id','move_lines/from_pack','move_lines/to_pack','move_lines/width','move_lines/height','move_lines/weight','move_lines/length','move_lines/pack_type','move_lines/purchase_line_id/id','move_lines/sale_line_id/id','move_lines/price_unit','move_lines/price_currency_id/id']","[('name', '=', False),('partner_id', '!=', False)]",partner_id,USB,stock.picking.usb_convert_pick_to_out,stock.picking,USB_convert_PICK_to_OUT,2035,Valid
USB_convert_OUT_to_PICK,TRUE,TRUE,"['name','subtype','from_wkf','associate_pick_name','date_done','state','stock_journal_id/id','purchase_id/id', 'sale_id/id','origin','shipment_id/name','shipment_id/num_of_packs','previous_step_id/name','location_id/id','backorder_ids/id', 'backorder_ids/rw_sdref_counterpart', 'backorder_id/id','backorder_id/name','warehouse_id/id','order_category','overall_qty','change_reason','cross_docking_ok','location_dest_id/id','address_id', 'partner_type_stock_picking', 'delivered','reason_type_id/id','min_date', 'note', 'partner_id', 'move_type', 'type', 'dpo_out', 'flow_type', 'transport_order_id/id', 'direct_incoming','shipment_id/name', 'move_lines/processed_stock_move', 'move_lines/id', 'move_lines/state','move_lines/original_qty_partial', 'move_lines/line_number', 'move_lines/name', 'move_lines/change_reason', 'move_lines/reason_type_id/id','move_lines/product_id/id', 'move_lines/product_id/name', 'move_lines/product_qty', 'move_lines/product_uos_qty', 'move_lines/prodlot_id/id', 'move_lines/expired_date', 'move_lines/asset_id/id','move_lines/product_uom/id', 'move_lines/product_uom/name', 'move_lines/date', 'move_lines/date_expected', 'move_lines/note', 'move_lines/location_dest_id/id','move_lines/location_id/id','move_lines/from_pack','move_lines/to_pack','move_lines/width','move_lines/height','move_lines/weight','move_lines/length','move_lines/pack_type','move_lines/purchase_line_id/id','move_lines/sale_line_id/id','move_lines/price_unit','move_lines/price_currency_id/id']","[('name', '=', False),('partner_id', '!=', False)]",partner_id,USB,stock.picking.usb_convert_out_to_pick,stock.picking,USB_convert_OUT_to_PICK,2036,Valid
USB_closed_OUT_closes_OUT,TRUE,TRUE,"['name','subtype','from_wkf','date_done','state','stock_journal_id/id','purchase_id/id', 'sale_id/id','origin','shipment_id/name','shipment_id/num_of_packs','previous_step_id/name','location_id/id','backorder_ids/id', 'backorder_ids/rw_sdref_counterpart', 'backorder_id/id','backorder_id/name','warehouse_id/id','order_category','overall_qty','change_reason','cross_docking_ok','location_dest_id/id','address_id', 'partner_type_stock_picking', 'delivered','reason_type_id/id','min_date', 'note', 'partner_id', 'move_type', 'type', 'dpo_out', 'flow_type', 'transport_order_id/id', 'direct_incoming','shipment_id/name', 'move_lines/processed_stock_move', 'move_lines/id', 'move_lines/state','move_lines/original_qty_partial', 'move_lines/line_number', 'move_lines/name', 'move_lines/change_reason', 'move_lines/reason_type_id/id','move_lines/product_id/id', 'move_lines/product_id/name', 'move_lines/product_qty', 'move_lines/product_uos_qty', 'move_lines/prodlot_id/id', 'move_lines/expired_date', 'move_lines/asset_id/id','move_lines/product_uom/id', 'move_lines/product_uom/name', 'move_lines/date', 'move_lines/date_expected', 'move_lines/note', 'move_lines/location_dest_id/id','move_lines/location_id/id','move_lines/from_pack','move_lines/to_pack','move_lines/width','move_lines/height','move_lines/weight','move_lines/length','move_lines/pack_type','move_lines/purchase_line_id/id','move_lines/sale_line_id/id','move_lines/price_unit','move_lines/price_currency_id/id']","[('type', '=', 'out'),('subtype', '=', 'standard'),('state', '=', 'done'),('already_replicated', '=', False),('partner_id', '!=', False)]",partner_id,USB,stock.picking.usb_closed_out_closes_out,stock.picking,USB_closed_OUT_closes_OUT,2040,Valid
USB_closed_new_PICK_closes_PICK,TRUE,TRUE,"['name','subtype','date_done','state','from_wkf','stock_journal_id/id','purchase_id/id', 'sale_id/id','origin','shipment_id/name','shipment_id/num_of_packs','previous_step_id/name','location_id/id','backorder_ids/id', 'backorder_ids/rw_sdref_counterpart', 'backorder_id/id','backorder_id/name','warehouse_id/id','order_category','overall_qty','change_reason','cross_docking_ok','location_dest_id/id','address_id', 'partner_type_stock_picking', 'delivered','reason_type_id/id','min_date', 'note', 'partner_id', 'move_type', 'type', 'dpo_out', 'flow_type', 'transport_order_id/id', 'direct_incoming','shipment_id/name', 'move_lines/processed_stock_move', 'move_lines/id', 'move_lines/state','move_lines/original_qty_partial', 'move_lines/line_number', 'move_lines/name', 'move_lines/change_reason', 'move_lines/reason_type_id/id','move_lines/product_id/id', 'move_lines/product_id/name', 'move_lines/product_qty', 'move_lines/product_uos_qty', 'move_lines/prodlot_id/id', 'move_lines/expired_date', 'move_lines/asset_id/id','move_lines/product_uom/id', 'move_lines/product_uom/name', 'move_lines/date', 'move_lines/date_expected', 'move_lines/note', 'move_lines/location_dest_id/id','move_lines/location_id/id','move_lines/from_pack','move_lines/to_pack','move_lines/width','move_lines/height','move_lines/weight','move_lines/length','move_lines/pack_type','move_lines/purchase_line_id/id','move_lines/sale_line_id/id','move_lines/price_unit','move_lines/price_currency_id/id']","[('type', '=', 'out'),('subtype', '=', 'picking'),('state', 'in', ['done', 'assigned']),('already_replicated', '=', False),('partner_id', '!=', False)]",partner_id,USB,stock.picking.usb_create_picking,stock.picking,USB_closed_new_PICK_closes_PICK,2041,Valid
USB_replicate_PPL,TRUE,TRUE,"['name','subtype','from_wkf','state','stock_journal_id/id','purchase_id/id', 'sale_id/id','origin','shipment_id/name','shipment_id/num_of_packs','previous_step_id/name','location_id/id','backorder_ids/id','backorder_ids/rw_sdref_counterpart',  'backorder_id/id','backorder_id/name','warehouse_id/id','order_category','overall_qty','change_reason','cross_docking_ok','location_dest_id/id','address_id', 'partner_type_stock_picking', 'delivered','reason_type_id/id','min_date', 'note', 'partner_id', 'move_type', 'type', 'dpo_out', 'flow_type', 'transport_order_id/id', 'direct_incoming','shipment_id/name', 'move_lines/processed_stock_move', 'move_lines/id', 'move_lines/state','move_lines/original_qty_partial', 'move_lines/line_number', 'move_lines/name', 'move_lines/change_reason', 'move_lines/reason_type_id/id','move_lines/product_id/id', 'move_lines/product_id/name', 'move_lines/product_qty', 'move_lines/product_uos_qty', 'move_lines/prodlot_id/id', 'move_lines/expired_date', 'move_lines/asset_id/id','move_lines/product_uom/id', 'move_lines/product_uom/name', 'move_lines/date', 'move_lines/date_expected', 'move_lines/note', 'move_lines/location_dest_id/id','move_lines/location_id/id','move_lines/from_pack','move_lines/to_pack','move_lines/width','move_lines/height','move_lines/weight','move_lines/length','move_lines/pack_type','move_lines/purchase_line_id/id','move_lines/sale_line_id/id','move_lines/price_unit','move_lines/price_currency_id/id']","[('type', '=', 'out'),('subtype', '=', 'ppl'),('state', 'in', ['done','assigned']),('already_replicated', '=', False),('partner_id', '!=', False)]",partner_id,USB,stock.picking.usb_replicate_ppl,stock.picking,USB_replicate_PPL,2044,Valid
USB_picking_return_products,TRUE,TRUE,['name'],"[('state', 'in',['fake'])]",partner_id,USB,stock.picking.usb_picking_return_products,stock.picking,usb_picking_return_products,2045,Valid
USB_Create_Packing_List,TRUE,TRUE,"['name','from_wkf','subtype','state','stock_journal_id/id','purchase_id/id', 'sale_id/id','origin','shipment_id/name','shipment_id/num_of_packs','previous_step_id/name','location_id/id','backorder_ids/id','backorder_ids/rw_sdref_counterpart',  'backorder_id/id','backorder_id/name','warehouse_id/id','order_category','overall_qty','change_reason','cross_docking_ok','location_dest_id/id','address_id', 'partner_type_stock_picking', 'delivered','reason_type_id/id','min_date', 'note', 'partner_id', 'move_type', 'type', 'dpo_out', 'flow_type', 'transport_order_id/id', 'direct_incoming','shipment_id/name', 'move_lines/processed_stock_move', 'move_lines/id', 'move_lines/state','move_lines/original_qty_partial', 'move_lines/line_number', 'move_lines/name', 'move_lines/change_reason', 'move_lines/reason_type_id/id','move_lines/product_id/id', 'move_lines/product_id/name', 'move_lines/product_qty', 'move_lines/product_uos_qty', 'move_lines/prodlot_id/id', 'move_lines/expired_date', 'move_lines/asset_id/id','move_lines/product_uom/id', 'move_lines/product_uom/name', 'move_lines/date', 'move_lines/date_expected', 'move_lines/note', 'move_lines/location_dest_id/id','move_lines/location_id/id','move_lines/from_pack','move_lines/to_pack','move_lines/width','move_lines/height','move_lines/weight','move_lines/length','move_lines/pack_type','move_lines/purchase_line_id/id','move_lines/sale_line_id/id','move_lines/price_unit','move_lines/price_currency_id/id']","[('type', '=', 'out'),('subtype', '=', 'packing'),('state', 'in', ['draft','done','assigned']),('shipment_id', '!=', False),('backorder_id', '=', False),('already_replicated', '=', False),('partner_id', '!=', False)]",partner_id,USB,stock.picking.usb_create_packing,stock.picking,USB_Create_Packing_List,2046,Valid
USB_shipment_return_packs_shipment_draft,TRUE,TRUE,['name'],"[('state', 'in',['fake'])]",partner_id,USB,shipment.usb_shipment_return_packs_shipment_draft,shipment,usb_shipment_return_packs_shipment_draft,2047,Valid
USB_Create_Shipment,TRUE,TRUE,"['shipper_address','address_id/id','date_of_departure','shipment_expected_date','invoice_id/id', 'consignee_date', 'shipper_name', 'carrier_address', 'registration', 'planned_date_of_arrival', 'partner_id', 'carrier_name', 'carrier_other', 'consignee_email', 'shipment_actual_date', 'shipper_date', 'parent_id/name', 'state', 'driver_name' , 'cargo_manifest_reference', 'carrier_signature', 'shipper_phone' , 'carrier_phone' , 'consignee_signature' , 'sequence_id' , 'carrier_email' , 'date', 'shipper_signature', 'carrier_date', 'name' , 'consignee_other', 'consignee_phone' , 'consignee_address', 'in_ref', 'transit_via', 'transport_type', 'shipper_email', 'partner_id2/id' , 'shipper_other' , 'consignee_name' , 'transport_order_id/id','pack_family_memory_ids/ppl_id/name','pack_family_memory_ids/from_pack','pack_family_memory_ids/to_pack','pack_family_memory_ids/description_ppl']","[('state', 'not in', ['draft']),('already_replicated', '=', False)]",partner_id,USB,shipment.usb_create_shipment,shipment,USB_Create_Shipment,2050,Valid
Usb_Shipment_Return_Packs,TRUE,TRUE,['name'],"[('state','in',['fake'])]",partner_id,USB,shipment.usb_shipment_return_packs,shipment,USB_Shipment_Return_Packs,2051,Valid
USB_Validate_Shipment,TRUE,TRUE,['name'],"[('state', 'in', ['done']), ('already_rw_validated', '=', False),('parent_id', '!=', False)]",partner_id,USB,shipment.usb_set_validated_shipment,shipment,USB_Validate_Shipment,2055,Valid
USB_Set_Delivered_Shipment,TRUE,TRUE,['name'],"[('state', 'in', ['delivered']), ('already_rw_delivered', '=', False), ('parent_id', '!=', False)]",partner_id,USB,shipment.usb_set_delivered_shipment,shipment,USB_Set_Delivered_Shipment,2056,Valid
USB_Cancel_Int,TRUE,TRUE,['name'],"[('type', '=', 'internal'), ('state', '=', 'cancel')]",partner_id,USB,stock.picking.usb_cancel_int,stock.picking,USB_Cancel_Int,2057,Valid
