id,active,applies_to_type,can_delete,master_data,direction_usb,direction,domain,included_fields,type_id,model_id,owner_field,name,status,forced_values,sequence_number
msf_sync_data_server.analytic_account,TRUE,TRUE,FALSE,TRUE,bidirectional,Down,"[('category' , 'in' , ['FREE1', 'FREE2', 'DEST'])]","['category', 'code', 'date', 'date_start', 'description',  'name', 'type']",OC,account.analytic.account,,Analytic Accounts (Free 1 & 2 & Destination),Valid,,100
msf_sync_data_server.cost_center_hq,TRUE,TRUE,FALSE,TRUE,bidirectional,Down,"[('category' , '=' , 'OC'), ('parent_id', '=', '')]","['category', 'code', 'date', 'date_start', 'description',  'name', 'type']",OC,account.analytic.account,,Cost Center (HQ),Valid,,101
msf_sync_data_server.cost_center,TRUE,TRUE,FALSE,TRUE,bidirectional,Bidirectional-Private,"[('category' , '=' , 'OC'), ('parent_id', '!=', '')]","['category', 'code', 'date', 'date_start', 'description',  'name', 'type']",OC,account.analytic.account,category,Cost Center,Valid,,102
msf_sync_data_server.cc_tree,TRUE,TRUE,FALSE,TRUE,bidirectional,Bidirectional-Private,"[('category' , '=' , 'OC'), ('parent_id', '!=', '')]","['category', 'parent_id/id']",OC,account.analytic.account,category,CC Tree,Valid,,103
msf_sync_data_server.proprietary_instance,TRUE,TRUE,FALSE,TRUE,bidirectional,Bidirectional,[],"['code', 'instance', 'instance_identifier', 'level', 'mission', 'move_prefix', 'name', 'note', 'reconcile_prefix', 'state']",OC,msf.instance,,Proprietary Instance,Valid,,104
msf_sync_data_server.proprietary_instance_tree,TRUE,TRUE,FALSE,TRUE,bidirectional,Bidirectional,"[('parent_id','!=','')]",['parent_id/id'],OC,msf.instance,,Proprietary Instance Tree,Valid,,105
msf_sync_data_server.account_target_costcenter,TRUE,TRUE,TRUE,TRUE,bidirectional,Bidirectional-Private,"[('instance_id.state','=','active')]","['cost_center_id/id', 'instance_id/id', 'is_po_fo_cost_center', 'is_target', 'is_top_cost_center']",OC,account.target.costcenter,instance_id,Instance Cost Centers,Valid,,106
msf_sync_data_server.account_target_costcenter_tree,TRUE,TRUE,FALSE,TRUE,bidirectional,Bidirectional-Private,"[('instance_id.state','=','active'), ('parent_id','!=','')]","['instance_id/id', 'parent_id/id']",OC,account.target.costcenter,instance_id,Instance Cost Centers Tree,Valid,,107
msf_sync_data_server.fiscal_year,TRUE,TRUE,FALSE,TRUE,bidirectional,Down,[],"['code', 'date_start', 'date_stop', 'name', 'state']",OC,account.fiscalyear,,Fiscal Year,Valid,,108
msf_sync_data_server.periods,TRUE,TRUE,TRUE,TRUE,bidirectional,Down,"[('active', 'in', ['t', 'f'])]","['active', 'code', 'date_start', 'date_stop', 'fiscalyear_id/id', 'name', 'number', 'special', 'state_sync_flag']",OC,account.period,,Periods,Valid,,109
msf_sync_data_server.currency_table_header,TRUE,TRUE,FALSE,TRUE,bidirectional,Down,"[('state','=','valid')]","['code', 'name']",OC,res.currency.table,,Currency Table Header,Valid,,110
msf_sync_data_server.currency,TRUE,TRUE,FALSE,TRUE,bidirectional,Down,"['|', ('active', '=', ''), ('active', '!=', ''),('currency_table_id', '=', '')]","['accuracy', 'currency_name', 'name', 'rounding', 'symbol']",OC,res.currency,,Currency,Valid,,111
msf_sync_data_server.currency_with_ref_to_cur_table,TRUE,TRUE,FALSE,TRUE,bidirectional,Down,"['|', ('active', '=', ''), ('active', '!=', ''),('currency_table_id', '!=', ''), ('currency_table_id.state', '=', 'valid')]","['accuracy', 'currency_name', 'currency_table_id/id', 'name', 'reference_currency_id/id', 'rounding', 'symbol']",OC,res.currency,,Currency (with ref to cur table),Valid,,112
msf_sync_data_server.currency_table_rate,TRUE,TRUE,TRUE,TRUE,bidirectional,Down,"[('rate' , '!=' , ''),('currency_id', '!=', ''), ('currency_id.currency_table_id', '!=', ''), ('currency_id.currency_table_id', 'in', ('res.currency.table', 'id', [('state', '=', 'valid')]))]","['currency_id/id', 'name', 'rate']",OC,res.currency.rate,,Currency Table Rate,Valid,,113
msf_sync_data_server.currency_activator,TRUE,TRUE,TRUE,TRUE,bidirectional,Down,"[('active', '!=', ''),('currency_table_id', '!=', ''), ('currency_table_id.state', '=', 'valid')]",['active'],OC,res.currency,,Currency activator,Valid,,114
msf_sync_data_server.currency_table_header_state,TRUE,TRUE,TRUE,TRUE,bidirectional,Down,"[('state','=','valid')]",['state'],OC,res.currency.table,,Currency Table Header State,Valid,,115
msf_sync_data_server.gl_account_type,TRUE,TRUE,TRUE,TRUE,bidirectional,Down,[],"['close_method', 'code', 'name', 'note', 'not_correctible', 'report_type']",OC,account.account.type,,GL Account Type,Valid,,116
msf_sync_data_server.gl_accounts,TRUE,TRUE,FALSE,TRUE,bidirectional,Down,[],"['accrual_account','code', 'default_destination_id/id', 'display_in_reports', 'inactivation_date', 'activation_date', 'is_not_hq_correctible', 'name', 'note', 'reconcile', 'shrink_entries_for_hq', 'type', 'type_for_register', 'user_type/id', 'currency_revaluation', 'include_in_yearly_move', 'has_partner_type_internal', 'has_partner_type_section', 'has_partner_type_external', 'has_partner_type_esc', 'has_partner_type_intermission', 'has_partner_type_local', 'has_partner_type_ex', 'has_partner_type_book' ]",OC,account.account,,GL Accounts,Valid,,117
msf_sync_data_server.gl_accounts_tree,TRUE,TRUE,TRUE,TRUE,bidirectional,Down,"[('parent_id', '!=', '')]",['parent_id/id'],OC,account.account,,GL Accounts Tree,Valid,,118
msf_sync_data_server.analytical_journal_hq,TRUE,TRUE,FALSE,TRUE,bidirectional,Down,"[('instance_id.level', '=', 'section'),('code','!=','ENGI')]","['active', 'code', 'name', 'type','instance_id/id']",OC,account.analytic.journal,,Analytical Journal (HQ),Valid,,119
msf_sync_data_server.analytical_journal_coordo,TRUE,TRUE,TRUE,TRUE,bidirectional,Down,"[('instance_id.level', '=', 'coordo'),('code','!=','ENGI')]","['active', 'code', 'name', 'type','instance_id/id']",MISSION,account.analytic.journal,,Analytical Journal (Coordo),Valid,,120
msf_sync_data_server.analytical_journal_project,TRUE,TRUE,FALSE,TRUE,bidirectional,Bidirectional,"[('instance_id.level', '=', 'project'),('code','!=','ENGI')]","['active', 'code', 'name', 'type','instance_id/id']",MISSION,account.analytic.journal,,Analytical Journal (Project),Valid,,121
msf_sync_data_server.analytical_journal,TRUE,TRUE,FALSE,TRUE,bidirectional,Bidirectional-Private,[],"['active', 'code', 'name', 'type','instance_id/id']",OC,account.analytic.journal,instance_id,Analytical Journal,Valid,,122
msf_sync_data_server.link_accounts_destination,TRUE,TRUE,TRUE,TRUE,bidirectional,Down,[],"['account_id/id', 'destination_id/id']",OC,account.destination.link,,Link accounts Destination,Valid,,123
msf_sync_data_server.funding_pool_to_coordo,TRUE,TRUE,FALSE,TRUE,bidirectional,Bidirectional-Private,"[('category' , '=' , 'FUNDING')]","['category', 'code', 'cost_center_ids/id', 'date', 'date_start', 'description', 'instance_id/id', 'name', 'tuple_destination_account_ids/id', 'type']",HQ + MISSION,account.analytic.account,instance_id,Funding Pool linked to a special coordo,Valid,,124
msf_sync_data_server.fp_tree0,TRUE,TRUE,TRUE,TRUE,bidirectional,Down,"[('category', 'in', ['FREE1', 'FREE2', 'DEST']),('parent_id', '!=', '')]","['parent_id/id', 'instance_id/id']",OC,account.analytic.account,instance_id,"DestF1F2 tree (only F1, F2 and Dest)",Valid,,126
msf_sync_data_server.fp_tree,FALSE,TRUE,TRUE,FALSE,bidirectional,Bidirectional,"[('category', 'in', ['FREE1', 'FREE2', 'DEST']),('parent_id', '!=', '')]",['parent_id/id'],MISSION,account.analytic.account,,"Analytic account tree (only F1, F2 and Dest) – Coordo/Projects only",Valid,,127
msf_sync_data_server.currency_rate,TRUE,TRUE,FALSE,TRUE,bidirectional,Down,"[('rate' , '!=' , ''),('currency_id', '!=', ''), ('currency_id', 'in', ('res.currency', 'id', [('active', 'in', ['t', 'f']), ('currency_table_id', '=', '')]))]","['currency_id/id', 'name', 'rate']",OC,res.currency.rate,,Currency Rate,Valid,,128
msf_sync_data_server.periods_state,TRUE,TRUE,TRUE,TRUE,bidirectional,Up,[],"['state', 'period_id/id', 'instance_id/id']",HQ + MISSION,account.period.state,,Periods states,Valid,,129
msf_sync_data_server.fys_state,TRUE,TRUE,TRUE,TRUE,bidirectional,Up,[],"['state', 'fy_id/id', 'instance_id/id']",HQ + MISSION,account.fiscalyear.state,,Fiscal years states,Valid,,130
msf_sync_data_server.analytic_distribution,TRUE,TRUE,FALSE,FALSE,bidirectional,Bidirectional,[],['name'],OC,analytic.distribution,,Analytic Distribution,Valid,,200
msf_sync_data_server.cost_center_distribution_line,TRUE,TRUE,TRUE,FALSE,bidirectional,Bidirectional,"[('analytic_id' , 'in' , ('account.analytic.account' , 'id' , [('code','!=','cc-intermission')])), ('partner_type','=','internal')]","['amount', 'analytic_id/id', 'currency_id/id', 'date', 'destination_id/id', 'distribution_id/id', 'name', 'percentage', 'partner_type', 'source_date']",OC,cost.center.distribution.line,analytic_id,Cost Center Distribution Line - Internal partner,Valid,,201
msf_sync_data_server.cost_center_distribution_line_non_internal,TRUE,TRUE,FALSE,FALSE,bidirectional,Bidirectional-Private,"[('analytic_id' , 'in' , ('account.analytic.account' , 'id' , [('code','!=','cc-intermission')])), ('partner_type','!=','internal')]","['amount', 'analytic_id/id', 'currency_id/id', 'date', 'destination_id/id', 'distribution_id/id', 'name', 'percentage', 'partner_type',  'source_date']",OC,cost.center.distribution.line,analytic_id,Cost Center Distribution Line - Non internal partner,Valid,,202
msf_sync_data_server.cost_center_distribution_line_intermission,TRUE,TRUE,FALSE,FALSE,bidirectional,Bidirectional,"[('analytic_id' , 'in' , ('account.analytic.account' , 'id' , [('code','=','cc-intermission')]))]","['amount', 'analytic_id/id', 'currency_id/id', 'date', 'destination_id/id', 'distribution_id/id', 'name', 'percentage', 'partner_type', 'source_date']",COORDINATIONS,cost.center.distribution.line,,Cost Center Distribution Line - Intermission,Valid,,203
msf_sync_data_server.fp_distribution_line,TRUE,TRUE,TRUE,FALSE,bidirectional,Bidirectional-Private,"[('cost_center_id' , 'in' , ('account.analytic.account' , 'id' , [('code','!=','cc-intermission')]))]","['amount', 'analytic_id/id', 'cost_center_id/id', 'currency_id/id', 'date', 'destination_id/id', 'distribution_id/id', 'name', 'percentage', 'source_date']",OC,funding.pool.distribution.line,cost_center_id,FP Distribution Line,Valid,,210
msf_sync_data_server.fp_distribution_line_intermission,TRUE,TRUE,FALSE,FALSE,bidirectional,Bidirectional,"[('cost_center_id' , 'in' , ('account.analytic.account' , 'id' , [('code','=','cc-intermission')]))]","['amount', 'analytic_id/id', 'cost_center_id/id', 'currency_id/id', 'date', 'destination_id/id', 'distribution_id/id', 'name', 'percentage', 'source_date']",COORDINATIONS,funding.pool.distribution.line,,FP Distribution Line - Intermission ,Valid,,211
msf_sync_data_server.free_1_distribution_line,TRUE,TRUE,TRUE,FALSE,bidirectional,Bidirectional,[],"['amount', 'analytic_id/id', 'currency_id/id', 'date', 'destination_id/id', 'distribution_id/id', 'name', 'percentage', 'source_date']",OC,free.1.distribution.line,,Free 1 Distribution Line,Valid,,220
msf_sync_data_server.free_2_distribution_line,TRUE,TRUE,TRUE,FALSE,bidirectional,Bidirectional,[],"['amount', 'analytic_id/id', 'currency_id/id', 'date', 'destination_id/id', 'distribution_id/id', 'name', 'percentage', 'source_date']",OC,free.2.distribution.line,,Free 2 Distribution Line,Valid,,221
msf_sync_data_server.hq_entries,TRUE,TRUE,FALSE,FALSE,bidirectional,Bidirectional-Private,[],"['account_id/id', 'account_id_first_value/id', 'amount', 'analytic_id/id', 'analytic_id_first_value/id', 'analytic_state', 'cost_center_id/id', 'cost_center_id_first_value/id', 'currency_id/id', 'date', 'destination_id/id', 'destination_id_first_value/id', 'document_date', 'free_1_id/id', 'free_2_id/id', 'name', 'partner_txt', 'period_id/id', 'ref', 'user_validated']",OC,hq.entries,cost_center_id,HQ Entries,Valid,,250
msf_sync_data_server.gl_journal_non_registers,TRUE,TRUE,FALSE,TRUE,bidirectional,Up,"[('type', '!=', 'cash'),('type', '!=', 'cheque'),('type', '!=', 'bank')]","['bank_journal_id/id','analytic_journal_id/id', 'code', 'currency/id', 'default_credit_account_id/id', 'default_debit_account_id/id', 'name', 'type','instance_id/id']",OC,account.journal,,GL Journal (Non Registers),Valid,,260
msf_sync_data_server.gl_journals_registers_hq_bank,TRUE,TRUE,FALSE,TRUE,bidirectional,Down,"[('type', '=', 'bank'),('instance_id.level', '=', 'section')]","['bank_journal_id/id','analytic_journal_id/id', 'code', 'currency/id', 'default_credit_account_id/id', 'default_debit_account_id/id', 'name', 'type','instance_id/id']",OC,account.journal,,GL Journals – Bank Registers (HQ),Valid,,261
msf_sync_data_server.gl_journals_registers_coordo_bank,TRUE,TRUE,FALSE,TRUE,bidirectional,Down,"[('type', '=', 'bank'),('instance_id.level', '=', 'coordo')]","['bank_journal_id/id','analytic_journal_id/id', 'code', 'currency/id', 'default_credit_account_id/id', 'default_debit_account_id/id', 'name', 'type','instance_id/id']",MISSION,account.journal,,GL Journals – Bank Registers (Coordo),Valid,,262
msf_sync_data_server.gl_journals_registers_bank,TRUE,TRUE,FALSE,TRUE,bidirectional,Bidirectional-Private,"[('type', '=', 'bank')]","['bank_journal_id/id','analytic_journal_id/id', 'code', 'currency/id', 'default_credit_account_id/id', 'default_debit_account_id/id', 'name', 'type','instance_id/id']",OC,account.journal,instance_id,GL Journals – Bank Registers,Valid,,263
msf_sync_data_server.gl_journals_registers_hq,TRUE,TRUE,FALSE,TRUE,bidirectional,Down,"['|',('type', '=', 'cash'),('type', '=', 'cheque'),('instance_id.level', '=', 'section')]","['bank_journal_id/id','analytic_journal_id/id', 'code', 'currency/id', 'default_credit_account_id/id', 'default_debit_account_id/id', 'name', 'type','instance_id/id']",OC,account.journal,,GL Journals - Registers (HQ),Valid,,270
msf_sync_data_server.gl_journals_registers_coordo,TRUE,TRUE,FALSE,TRUE,bidirectional,Down,"['|',('type', '=', 'cash'),('type', '=', 'cheque'),('instance_id.level', '=', 'coordo')]","['bank_journal_id/id','analytic_journal_id/id', 'code', 'currency/id', 'default_credit_account_id/id', 'default_debit_account_id/id', 'name', 'type','instance_id/id']",MISSION,account.journal,,GL Journals - Registers (Coordo),Valid,,271
msf_sync_data_server.gl_journals_registers,TRUE,TRUE,FALSE,TRUE,bidirectional,Bidirectional-Private,"['|',('type', '=', 'cash'),('type', '=', 'cheque')]","['bank_journal_id/id','analytic_journal_id/id', 'code', 'currency/id', 'default_credit_account_id/id', 'default_debit_account_id/id', 'name', 'type','instance_id/id']",OC,account.journal,instance_id,GL Journals - Registers,Valid,,272
msf_sync_data_server.section_partner,TRUE,TRUE,FALSE,TRUE,bidirectional,Down,"[('partner_type' , '=' , 'esc')]","['comment', 'credit_limit', 'customer', 'customer_lt', 'lang', 'manufacturer', 'name', 'partner_type', 'po_by_project', 'procurement_lt', 'property_account_payable/id', 'property_account_position/id', 'property_account_receivable/id', 'property_payment_term/id', 'property_product_pricelist/id', 'property_product_pricelist_purchase/id', 'property_stock_customer/id', 'property_stock_supplier/id', 'ref', 'supplier', 'supplier_lt', 'transport_0', 'transport_0_lt', 'transport_1', 'transport_1_lt', 'transport_2', 'transport_2_lt', 'transporter', 'zone']",COORDINATIONS,res.partner,,Section Partner,Valid,,300
msf_sync_data_server.section_partner_tree,TRUE,TRUE,FALSE,TRUE,bidirectional,Down,"[('partner_type','=','esc') , ('parent_id', '!=', '')]",['parent_id/id'],COORDINATIONS,res.partner,,Section Partner Tree,Valid,,301
msf_sync_data_server.section_partner_address,TRUE,TRUE,FALSE,TRUE,bidirectional,Down,"[('partner_id' , 'in' , ('res.partner' , 'id' , [('partner_type','=','esc')]))]","['active', 'city', 'country_id/id', 'email', 'fax', 'function', 'mobile', 'name', 'partner_id/id', 'phone', 'state_id/id', 'street', 'street2', 'title/id', 'type', 'zip']",COORDINATIONS,res.partner.address,,Section Partner Address,Valid,,302
msf_sync_data_server.external_partner,TRUE,TRUE,FALSE,TRUE,bidirectional,Bidirectional,"[('partner_type' , '=' , 'external'),('name','!=','Local Market')]","['name', 'partner_type', 'property_account_receivable/id', 'property_account_payable/id', 'ref', 'customer','supplier','zone', 'lang', 'property_product_pricelist/id', 'property_product_pricelist_purchase/id']",HQ + MISSION,res.partner,,External Partner,Valid,{'active':False},309
msf_sync_data_server.external_partner_tree,TRUE,TRUE,FALSE,TRUE,bidirectional,Bidirectional,"[('partner_type' , '=' , 'external'),('name','!=','Local Market'), ('parent_id', '!=', '')]",['parent_id/id'],HQ + MISSION,res.partner,,External Partner Tree,Valid,,310
msf_sync_data_server.external_partner_address,TRUE,TRUE,FALSE,TRUE,bidirectional,Bidirectional,"['|', ('active', '=', ''), ('active', '!=', ''),('partner_id' , 'in' , ('res.partner' , 'id' , [('partner_type' , '=' , 'external')]))]","['active', 'city', 'country_id/id', 'email', 'fax', 'function', 'mobile', 'name', 'partner_id/id', 'phone', 'state_id/id', 'street', 'street2', 'title/id', 'type', 'zip']",HQ + MISSION,res.partner.address,,External Partner Address,Valid,,311
msf_sync_data_server.internal_partner,TRUE,TRUE,FALSE,TRUE,bidirectional,Bidirectional,"['|', ('active', '=', ''), ('active', '!=', ''),('partner_type' , '=' , 'internal')]","['comment', 'credit_limit', 'customer', 'customer_lt', 'lang', 'manufacturer', 'name', 'partner_type', 'po_by_project', 'procurement_lt', 'property_account_payable/id', 'property_account_position/id', 'property_account_receivable/id', 'property_payment_term/id', 'property_stock_customer/id', 'property_stock_supplier/id', 'ref', 'supplier', 'supplier_lt', 'transport_0', 'transport_0_lt', 'transport_1', 'transport_1_lt', 'transport_2', 'transport_2_lt', 'transporter']",MISSION,res.partner,,Internal Partner,Valid,"{'active': True, 'customer': True, 'supplier': True, 'partner_type': 'internal'}",312
msf_sync_data_server.internal_partner_tree,TRUE,TRUE,FALSE,TRUE,bidirectional,Bidirectional,"['|', ('active', '=', ''), ('active', '!=', ''),('partner_type' , '=' , 'internal'), ('parent_id', '!=', '')]",['parent_id/id'],MISSION,res.partner,,Internal Partner Tree,Valid,,313
msf_sync_data_server.internal_partner_address,TRUE,TRUE,FALSE,TRUE,bidirectional,Bidirectional,"['|', ('active', '=', ''), ('active', '!=', ''),('partner_id' , 'in' , ('res.partner' , 'id' , [('partner_type' , '=' , 'internal')]))]","['active', 'city', 'country_id/id', 'email', 'fax', 'function', 'mobile', 'name', 'partner_id/id', 'phone', 'state_id/id', 'street', 'street2', 'title/id', 'type', 'zip']",MISSION,res.partner.address,,Internal Partner Address,Valid,,314
msf_sync_data_server.intermission_partner,TRUE,TRUE,FALSE,TRUE,bidirectional,Bidirectional,"['|', ('active', '=', ''), ('active', '!=', ''),('partner_type' , '=' , 'intermission')]","['customer', 'manufacturer', 'name', 'partner_type', 'property_account_payable/id', 'property_account_receivable/id', 'ref', 'supplier', 'transporter']",COORDINATIONS,res.partner,,Intermission Partner,Valid,"{'customer': True, 'supplier': True}",320
msf_sync_data_server.intermission_partner_tree,TRUE,TRUE,FALSE,TRUE,bidirectional,Bidirectional,"['|', ('active', '=', ''), ('active', '!=', ''),('partner_type' , '=' , 'intermission'), ('parent_id', '!=', '')]",['parent_id/id'],COORDINATIONS,res.partner,,Intermission Partner Tree,Valid,,321
msf_sync_data_server.intermission_partner_address,TRUE,TRUE,FALSE,TRUE,bidirectional,Bidirectional,"['|', ('active', '=', ''), ('active', '!=', ''),('partner_id' , 'in' , ('res.partner' , 'id' , [('partner_type' , '=' , 'intermission')]))]","['active', 'city', 'country_id/id', 'email', 'fax', 'function', 'mobile', 'name', 'partner_id/id', 'phone', 'state_id/id', 'street', 'street2', 'title/id', 'type', 'zip']",COORDINATIONS,res.partner.address,,Intermission Partner Address,Valid,,322
msf_sync_data_server.job_description,TRUE,TRUE,FALSE,TRUE,bidirectional,Bidirectional,[],"['code', 'description', 'expected_employees', 'name', 'requirements', 'state']",HQ + MISSION,hr.job,,Job Description,Valid,,330
msf_sync_data_server.expatriate_employees,TRUE,TRUE,FALSE,TRUE,bidirectional,Down,"[('employee_type','=','ex'),('name','!=','Administrator')]","['active', 'birthday', 'code', 'cost_center_id/id', 'country_id/id', 'destination_id/id','employee_type', 'filter_for_third_party', 'free1_id/id', 'free2_id/id', 'funding_pool_id/id', 'gender', 'homere_codeterrain', 'homere_id_staff', 'homere_id_unique', 'identification_id', 'job_id/id', 'marital/id', 'mobile_phone', 'name', 'name_resource', 'notes', 'passport_id', 'private_phone', 'resource_type', 'sinid', 'ssnid', 'work_email', 'work_location', 'work_phone']",HQ + MISSION,hr.employee,,Expatriate Employees,Valid,{},331
msf_sync_data_server.expatriate_employees_tree,TRUE,TRUE,FALSE,TRUE,bidirectional,Bidirectional,"[('parent_id', '!=', '')]",['parent_id/id'],HQ + MISSION,hr.employee,,Expatriate Employees Tree,Valid,,332
msf_sync_data_server.expatriate_employees_coach,FALSE,TRUE,FALSE,FALSE,bidirectional,Bidirectional,"[('coach_id', '!=', '')]",['coach_id/id'],HQ + MISSION,hr.employee,,Expatriate Employees Coach,Valid,,334
msf_sync_data_server.local_employees,TRUE,TRUE,FALSE,TRUE,bidirectional,Up,"[('employee_type','=','local'),('name','!=','Administrator')]","['active', 'birthday', 'code', 'cost_center_id/id', 'destination_id/id', 'employee_type', 'filter_for_third_party', 'free1_id/id', 'free2_id/id', 'funding_pool_id/id', 'gender', 'homere_codeterrain', 'homere_id_staff', 'homere_id_unique', 'identification_id', 'job_id/id', 'marital/id', 'mobile_phone', 'name', 'name_resource', 'notes', 'passport_id', 'private_phone', 'resource_type', 'sinid', 'ssnid', 'work_email', 'work_location', 'work_phone']",OC,hr.employee,,Local Employees,Valid,,335
msf_sync_data_server.register,TRUE,TRUE,FALSE,FALSE,bidirectional,Bidirectional-Private,"[('state','!=','draft'),('instance_id' , 'in' , ('msf.instance' , 'id' , [('level' , '=' , 'project')]))]","['balance_end_real', 'balance_start', 'closing_date', 'comments', 'date', 'instance_id/id', 'journal_id/id', 'name', 'notes', 'open_advance_amount', 'period_id/id','closing_balance_frozen','closing_balance_frozen_date','unrecorded_expenses_amount']",MISSION,account.bank.statement,instance_id,Register,Valid,,400
msf_sync_data_server.register_line,TRUE,TRUE,TRUE,FALSE,bidirectional,Bidirectional-Private,"[('instance_id' , 'in' , ('msf.instance' , 'id' , [('level' , '=' , 'project')])),('statement_id','in',('account.bank.statement','id',[('state','!=','draft')])),'!',('state','=','draft')]","['account_id/id', 'amount_in', 'amount_out', 'analytic_distribution_id/id', 'cheque_number', 'date', 'direct_invoice', 'direct_state', 'document_date', 'employee_id/id', 'instance_id/id', 'name', 'note', 'partner_id/id', 'reconciled', 'ref', 'sequence', 'statement_id/id', 'transfer_amount','transfer_journal_id/id', 'type', 'from_cash_return']",MISSION,account.bank.statement.line,instance_id,Register Line,Valid,,401
msf_sync_data_server.register_cashbox_line_starting,TRUE,TRUE,TRUE,FALSE,bidirectional,Bidirectional-Private,"[('instance_id' , 'in' , ('msf.instance' , 'id' , [('level' , '=' , 'project')])),('starting_id','in',('account.bank.statement','id',[('state','!=','draft')])),('starting_id', '!=', ''),('ending_id', '=', '')]","['instance_id/id', 'number', 'pieces', 'starting_id/id']",MISSION,account.cashbox.line,instance_id,Register Cashbox Line (starting),Valid,,402
msf_sync_data_server.register_status,TRUE,TRUE,FALSE,FALSE,bidirectional,Bidirectional-Private,"[('state','!=','draft'),('instance_id' , 'in' , ('msf.instance' , 'id' , [('level' , '=' , 'project')]))]","['instance_id/id', 'state']",MISSION,account.bank.statement,instance_id,Register Status,Valid,,403
msf_sync_data_server.register_cashbox_line_ending,TRUE,TRUE,FALSE,FALSE,bidirectional,Bidirectional-Private,"[('instance_id' , 'in' , ('msf.instance' , 'id' , [('level' , '=' , 'project')])),('ending_id','in',('account.bank.statement','id',[('state','!=','draft')])),('starting_id', '=', ''),('ending_id', '!=', '')]","['ending_id/id', 'instance_id/id', 'number', 'pieces']",MISSION,account.cashbox.line,instance_id,Register Cashbox Line (ending),Valid,,404
msf_sync_data_server.account_move_reconcile,TRUE,TRUE,TRUE,FALSE,bidirectional,Bidirectional,[],"['name', 'type', 'is_multi_instance', 'multi_instance_level_creation', 'instance_id']",OC,account.move.reconcile,,Account Move Reconcile,Valid,,410
msf_sync_data_server.register_line_deleted,TRUE,TRUE,FALSE,FALSE,bidirectional,Bidirectional-Private,"[('instance_id' , 'in' , ('msf.instance' , 'id' , [('level' , '=' , 'project')]))]","['statement_id/id', 'sequence','instance_id/id']",MISSION,account.bank.statement.line.deleted,instance_id,Register Deleted Line,Valid,,405
msf_sync_data_server.account_move,TRUE,TRUE,TRUE,FALSE,bidirectional,Bidirectional-Private,[],"['date', 'document_date', 'imported', 'journal_id/id', 'name', 'narration', 'period_id/id', 'ref', 'statement_line_ids/id', 'to_check','instance_id/id','status','employee_id/id','transfer_journal_id/id','manual_currency_id/id','block_manual_currency_id','partner_id2/id','analytic_distribution_id/id', 'register_line_id/id']",OC,account.move,instance_id,Account Move,Valid,,411
msf_sync_data_server.account_move_line,TRUE,TRUE,TRUE,FALSE,bidirectional,Bidirectional-Private,[],"['account_id/id', 'accrual', 'analytic_account_id/id', 'analytic_distribution_id/id', 'blocked', 'cheque_number','corrected', 'credit', 'credit_currency', 'currency_id/id', 'date_created', 'date_maturity', 'debit', 'debit_currency', 'document_date', 'employee_id/id', 'have_an_historic', 'instance_id/id', 'is_addendum_line', 'is_counterpart', 'is_transfer_with_change', 'is_write_off', 'journal_id/id', 'last_cor_was_only_analytic', 'move_id/id', 'name', 'partner_id/id','partner_txt','period_id/id', 'reconcile_id/id', 'reconcile_partial_id/id', 'ref', 'reversal', 'source_date', 'statement_id/id', 'reference', 'state','transfer_journal_id/id', 'transfer_amount', 'is_downpayment']",OC,account.move.line,instance_id,Account Move Line,Valid,,412
msf_sync_data_server.account_move_line_correction,TRUE,TRUE,FALSE,FALSE,bidirectional,Bidirectional-Private,"[('move_id','in',('account.move','id',[('state','=','posted')]))]","['corrected_line_id/id', 'instance_id/id', 'reversal_line_id/id']",OC,account.move.line,instance_id,Account Move Line Correction,Valid,,413
msf_sync_data_server.account_move_line_register_line,TRUE,TRUE,FALSE,FALSE,bidirectional,Bidirectional-Private,[],"['corrected_st_line_id/id', 'instance_id/id']",MISSION,account.move.line,instance_id,Account Move Line / Register Line,Valid,,414
msf_sync_data_server.register_line_account_move_line,TRUE,TRUE,FALSE,FALSE,bidirectional,Bidirectional-Private,"[('instance_id' , 'in' , ('msf.instance' , 'id' , [('level' , '=' , 'project')])),('statement_id','in',('account.bank.statement','id',[('state','!=','draft')])),'!',('state','=','draft')]","['direct_invoice_move_id/id', 'first_move_line_id/id', 'from_import_cheque_id/id', 'imported_invoice_line_ids/id','instance_id/id', 'cash_return_move_line_id/id']",MISSION,account.bank.statement.line,instance_id,Register Line / Account Move Line,Valid,,415
msf_sync_data_server.account_move_state,TRUE,TRUE,FALSE,FALSE,bidirectional,Bidirectional-Private,[],"['instance_id/id', 'state']",OC,account.move,instance_id,Account Move State,Valid,,416
msf_sync_data_server.account_move_line_corrected_upstream,TRUE,TRUE,FALSE,FALSE,bidirectional,Bidirectional-Private,[],"['corrected_upstream', 'instance_id/id']",OC,account.move.line,instance_id,Account Move Line Corrected Upstream,Valid,,417
msf_sync_data_server.analytical_line,TRUE,TRUE,TRUE,FALSE,bidirectional,Bidirectional-Private,"[('account_id.category', '=', 'FUNDING'), ('imported_commitment','=',False)]","['from_commitment_line', 'account_id/id', 'amount', 'amount_currency','correction_date', 'code', 'cost_center_id/id', 'currency_id/id', 'date', 'destination_id/id', 'distrib_line_id', 'distribution_id/id', 'document_date', 'general_account_id/id', 'instance_id/id', 'is_reallocated', 'is_reversal', 'journal_id/id', 'move_id/id', 'name', 'partner_txt', 'ref', 'reversal_origin/id', 'source_date', 'entry_sequence']",OC,account.analytic.line,cost_center_id,Analytical Line,Valid,,420
msf_sync_data_server.analytical_line_free,TRUE,TRUE,FALSE,FALSE,bidirectional,Up,"[('account_id.category', 'in', ['FREE1', 'FREE2'])]","['account_id/id', 'amount', 'amount_currency', 'code', 'currency_id/id', 'date', 'distrib_line_id', 'correction_date','document_date', 'general_account_id/id', 'instance_id/id', 'is_reallocated', 'is_reversal', 'journal_id/id', 'move_id/id', 'name', 'partner_txt', 'ref', 'reversal_origin/id', 'source_date', 'entry_sequence']",MISSION,account.analytic.line,,Analytic Line (Free 1 and Free 2),Valid,,421
msf_sync_data_server.analytical_line_correction,TRUE,TRUE,FALSE,FALSE,bidirectional,Bidirectional-Private,"[('account_id.category', '=', 'FUNDING'), ('imported_commitment','=',False)]","['last_corrected_id/id', 'cost_center_id/id', 'reversal_origin/id']",OC,account.analytic.line,cost_center_id,Analytical Line,Valid,,422
msf_sync_data_server.decision_moment,TRUE,TRUE,TRUE,TRUE,bidirectional,Down,[],"['name', 'order']",HQ + MISSION,msf.budget.decision.moment,,Decision Moment,Valid,,429
msf_sync_data_server.budget,TRUE,TRUE,FALSE,FALSE,bidirectional,Up,"[('type','=','normal'), ('state', '!=', 'draft')]","['code', 'cost_center_id/id', 'currency_id/id', 'decision_moment_id/id', 'decision_moment_order', 'fiscalyear_id/id', 'name', 'type', 'version']",OC,msf.budget,,Budget,Valid,,430
msf_sync_data_server.budget_line,TRUE,TRUE,FALSE,FALSE,bidirectional,Up,"[('budget_id','in',('msf.budget','id',[('type','=','normal'), ('state', '!=', 'draft')]))]","['account_id/id', 'budget_id/id', 'month1', 'month2', 'month3', 'month4', 'month5', 'month6', 'month7', 'month8', 'month9', 'month10', 'month11', 'month12', 'destination_id/id', 'line_type']",OC,msf.budget.line,,Budget line,Valid,,431
msf_sync_data_server.budget_status,TRUE,TRUE,FALSE,FALSE,bidirectional,Up,"[('type','=','normal'), ('state', '!=', 'draft')]",['state'],OC,msf.budget,,Budget status,Valid,,432
msf_sync_data_server.mission_stock_report,TRUE,TRUE,FALSE,FALSE,bidirectional,Up,"[('full_view', '=', False), ('local_report', '=', True)]","['full_view', 'instance_id/id', 'last_update', 'name']",OC,stock.mission.report,,Mission Stock Report,Valid,,440
msf_sync_data_server.mission_stock_report_line,TRUE,TRUE,FALSE,FALSE,bidirectional,Up,"[('mission_report_id.full_view', '=', False), ('mission_report_id.local_report', '=', True), ('international_status','in',['Local', 'Temporary'])]","['central_qty', 'central_val', 'cross_qty', 'cross_val', 'cu_qty', 'cu_val', 'in_pipe_coor_qty', 'in_pipe_coor_val', 'in_pipe_qty', 'in_pipe_val', 'internal_qty', 'internal_val', 'mission_report_id/id', 'product_id/id', 'secondary_qty', 'secondary_val', 'stock_qty', 'stock_val', 'xmlid_code']",MISSION,stock.mission.report.line,,Mission Stock Report Line,Valid,,441
msf_sync_data_server.mission_stock_report_line_OC,TRUE,TRUE,FALSE,FALSE,bidirectional,Up,"[('mission_report_id.full_view', '=', False), ('mission_report_id.local_report', '=', True), ('international_status','in',['ITC', 'UniData', 'ESC', 'HQ'])]","['central_qty', 'central_val', 'cross_qty', 'cross_val', 'cu_qty', 'cu_val', 'in_pipe_coor_qty', 'in_pipe_coor_val', 'in_pipe_qty', 'in_pipe_val', 'internal_qty', 'internal_val', 'mission_report_id/id', 'product_id/id', 'secondary_qty', 'secondary_val', 'stock_qty', 'stock_val', 'xmlid_code']",OC,stock.mission.report.line,,Mission Stock Report Line OC,Valid,,442
msf_sync_data_server.financing_contract_formats_fc,TRUE,TRUE,FALSE,TRUE,bidirectional,Bidirectional-Private,[],"['cost_center_ids/id', 'eligibility_from_date', 'eligibility_to_date', 'format_name', 'overhead_percentage', 'overhead_type', 'reporting_type', 'hidden_instance_id/id']",HQ + MISSION,financing.contract.format,hidden_instance_id,Financing Contract Formats FC,Valid,,450
msf_sync_data_server.financing_contract_formats,TRUE,TRUE,TRUE,TRUE,bidirectional,Bidirectional,"[('hidden_instance_id','=',False)]","['hidden_instance_id/id','cost_center_ids/id', 'eligibility_from_date', 'eligibility_to_date', 'format_name', 'overhead_percentage', 'overhead_type', 'reporting_type']",HQ + MISSION,financing.contract.format,,Financing Contract Formats,Valid,,451
msf_sync_data_server.financing_contract_format_lines,TRUE,TRUE,TRUE,TRUE,bidirectional,Bidirectional,"[('instance_id', '=', False)]","['account_destination_ids/id', 'instance_id/id','allocated_budget_value', 'allocated_real_value', 'code', 'format_id/id', 'line_type', 'name', 'overhead_percentage', 'overhead_type', 'project_budget_value', 'project_real_value',  'is_quadruplet','quadruplet_update']",HQ + MISSION,financing.contract.format.line,,Financing Contract Format Lines,Valid,,452
msf_sync_data_server.financing_contract_format_lines_tree,TRUE,TRUE,FALSE,TRUE,bidirectional,Bidirectional,"[('parent_id', '!=', ''), ('instance_id', '=', False)]",['parent_id/id'],HQ + MISSION,financing.contract.format.line,,Financing Contract Format Lines Tree,Valid,,453
msf_sync_data_server.donors,TRUE,TRUE,TRUE,TRUE,bidirectional,Bidirectional,[],"['active', 'code', 'format_id/id', 'name', 'reporting_currency/id']",HQ + MISSION,financing.contract.donor,,Donors,Valid,,454
msf_sync_data_server.financing_contract,TRUE,TRUE,TRUE,TRUE,bidirectional,Bidirectional-Private,[],"['code', 'currency_table_id/id', 'donor_grant_reference', 'donor_id/id', 'eligibility_from_date', 'eligibility_to_date', 'format_id/id', 'grant_amount', 'hard_closed_date', 'hq_grant_reference', 'name', 'notes', 'open_date', 'reporting_currency/id', 'soft_closed_date', 'state', 'instance_id/id']",HQ + MISSION,financing.contract.contract,instance_id,Financing Contract,Valid,,455
msf_sync_data_server.financing_contract_fp_line,TRUE,TRUE,TRUE,TRUE,bidirectional,Bidirectional-Private,[],"['contract_id/id', 'funded', 'funding_pool_id/id', 'total_project', 'instance_id/id']",HQ + MISSION,financing.contract.funding.pool.line,instance_id,Financing Contract FP Line,Valid,,456
msf_sync_data_server.financing_contract_format_lines_fc,TRUE,TRUE,FALSE,TRUE,bidirectional,Bidirectional-Private,[],"['account_destination_ids/id', 'allocated_budget_value', 'allocated_real_value', 'code', 'format_id/id', 'instance_id/id', 'line_type', 'name', 'overhead_percentage', 'overhead_type', 'project_budget_value', 'project_real_value',  'is_quadruplet','quadruplet_update']",HQ + MISSION,financing.contract.format.line,instance_id,Financing Contract Format Lines FC,Valid,,457
msf_sync_data_server.financing_contract_format_lines_tree_fc,TRUE,TRUE,FALSE,TRUE,bidirectional,Bidirectional-Private,"[('parent_id','!=','')]","['parent_id/id', 'instance_id/id']",HQ + MISSION,financing.contract.format.line,instance_id,Financing Contract Format Lines Tree FC,Valid,,458
msf_sync_data_server.country,TRUE,TRUE,FALSE,TRUE,bidirectional,Down,[],"['code', 'name']",OC,res.country,,Country,Valid,,500
msf_sync_data_server.state,TRUE,TRUE,FALSE,TRUE,bidirectional,Down,[],"['code', 'country_id/id', 'name']",OC,res.country.state,,State,Valid,,501
msf_sync_data_server.uom_categories,TRUE,TRUE,FALSE,TRUE,bidirectional,Down,[],['name'],OC,product.uom.categ,,UoM Categories,Valid,,510
msf_sync_data_server.uom,TRUE,TRUE,FALSE,TRUE,bidirectional,Down,[],"['category_id/id', 'factor', 'factor_inv', 'name', 'rounding', 'uom_type']",OC,product.uom,,UoM,Valid,,511
msf_sync_data_server.nomenclature,TRUE,TRUE,FALSE,TRUE,bidirectional,Down,[],"['level', 'name', 'type', 'msfid']",OC,product.nomenclature,,Nomenclature,Valid,,520
msf_sync_data_server.nomenclature_tree,TRUE,TRUE,FALSE,TRUE,bidirectional,Down,"[('parent_id', '!=', '')]",['parent_id/id'],OC,product.nomenclature,,Nomenclature Tree,Valid,,521
msf_sync_data_server.product_category,TRUE,TRUE,FALSE,TRUE,bidirectional,Down,[],"['active', 'donation_expense_account/id', 'family_id/id', 'name', 'property_account_expense_categ/id', 'property_account_income_categ/id', 'property_stock_account_input_categ/id', 'property_stock_account_output_categ/id', 'property_stock_journal/id', 'property_stock_variation/id', 'type', 'msfid']",OC,product.category,,Product Category,Valid,,530
msf_sync_data_server.product_category_tree,TRUE,TRUE,FALSE,TRUE,bidirectional,Down,"[('parent_id', '!=', '')]",['parent_id/id'],OC,product.category,,Product Category Tree,Valid,,531
msf_sync_data_server.justification_code,TRUE,TRUE,FALSE,TRUE,bidirectional,Down,[],"['code', 'description']",OC,product.justification.code,,Justification Code,Valid,,540
msf_sync_data_server.asset_type,TRUE,TRUE,FALSE,TRUE,bidirectional,Down,[],['name'],OC,product.asset.type,,Asset Type,Valid,,550
msf_sync_data_server.pricelist_type,FALSE,TRUE,FALSE,FALSE,bidirectional,Bidirectional,[],"['key', 'name']",MISSION,product.pricelist.type,,Pricelist Type,Valid,,560
msf_sync_data_server.price_list_version,FALSE,TRUE,FALSE,FALSE,bidirectional,Bidirectional,[],"['active', 'date_end', 'date_start', 'name', 'pricelist_id/id']",MISSION,product.pricelist.version,,Price List Version,Valid,,561
msf_sync_data_server.country_restrictions,TRUE,TRUE,FALSE,TRUE,bidirectional,Down,[],['name'],MISSION,res.country.restriction,,Country restrictions,Valid,,570
msf_sync_data_server.country_code_mapping,TRUE,TRUE,TRUE,TRUE,bidirectional,Down,[],"['instance_id/id', 'mapping_value']",COORDINATIONS,country.export.mapping,,Country Code Mapping,Valid,,571
msf_sync_data_server.oc_product_creator_itc_esc_hq,TRUE,TRUE,FALSE,TRUE,bidirectional,Down,"['|','|','|',('international_status','=','UniData'),('international_status','=','ITC'),('international_status','=','ESC'),('international_status','=','HQ'), ('active', 'in', ['t','f'])]","['alert_time', 'batch_management', 'categ_id/id', 'closed_article', 'manufacturer_txt', 'manufacturer_ref', 'code', 'cold_chain/id', 'composed_kit', 'xmlid_code', 'cost_method', 'country_restriction/id', 'dangerous_goods', 'default_code', 'description', 'description2', 'description_purchase', 'description_sale', 'gmdn_code', 'gmdn_description', 'heat_sensitive_item/id', 'international_status/id', 'justification_code_id/id', 'library', 'life_time', 'list_ids/id','med_device_class', 'name', 'name_template', 'controlled_substance', 'nomen_manda_0/id', 'nomen_manda_1/id', 'nomen_manda_2/id', 'nomen_manda_3/id', 'options_ids/id', 'perishable', 'procure_delay', 'procure_method', 'produce_delay', 'product_catalog_page', 'product_catalog_path', 'property_account_expense/id', 'property_account_income/id', 'property_stock_account_input/id', 'property_stock_account_output/id', 'restricted_country', 'short_shelf_life', 'single_use', 'sterilized', 'standard_price', 'sublist', 'subtype', 'asset_type_id', 'supply_method', 'type', 'un_code', 'uom_id/id', 'uom_po_id/id','use_time', 'valuation', 'weight', 'weight_net', 'active', 'state', 'old_code', 'new_code', 'function_value', 'form_value', 'fit_value', 'standard_ok','transport_ok','volume', 'volume_updated', 'soq_quantity', 'soq_weight', 'soq_volume']",OC,product.product,,"OC Product (Creator = ITC, ESC, UniData or HQ)",Valid,,600
msf_sync_data_server.mission_product_creator_local,TRUE,TRUE,FALSE,TRUE,bidirectional,Down,"[('international_status','=','Local'), ('active', 'in', ['t','f'])]","['alert_time', 'batch_management', 'categ_id/id', 'closed_article', 'manufacturer_txt', 'manufacturer_ref', 'code', 'xmlid_code','cold_chain/id', 'composed_kit', 'cost_method', 'country_restriction/id', 'dangerous_goods', 'default_code', 'description', 'description2', 'description_purchase', 'description_sale', 'gmdn_code', 'gmdn_description', 'heat_sensitive_item/id', 'international_status/id', 'justification_code_id/id', 'library', 'life_time', 'list_ids/id','med_device_class', 'name', 'name_template', 'controlled_substance', 'nomen_manda_0/id', 'nomen_manda_1/id', 'nomen_manda_2/id', 'nomen_manda_3/id', 'options_ids/id', 'perishable', 'procure_delay', 'procure_method', 'produce_delay', 'product_catalog_page', 'product_catalog_path', 'property_account_expense/id', 'property_account_income/id', 'property_stock_account_input/id', 'property_stock_account_output/id', 'restricted_country', 'short_shelf_life', 'single_use', 'sterilized', 'standard_price', 'sublist', 'subtype', 'asset_type_id',  'supply_method', 'type', 'un_code', 'uom_id/id', 'uom_po_id/id','use_time', 'valuation', 'weight', 'weight_net', 'active', 'state', 'old_code', 'new_code', 'function_value', 'form_value', 'fit_value', 'standard_ok','transport_ok','volume', 'volume_updated', 'soq_quantity', 'soq_weight','soq_volume']",MISSION,product.product,,Mission Product (Creator = local),Valid,,601
msf_sync_data_server.standard_product_list,TRUE,TRUE,TRUE,TRUE,bidirectional,Down,"[('standard_list_ok','=','True')]","['creation_date', 'creator', 'description', 'last_update_date', 'name', 'order_list_print_ok', 'ref', 'standard_list_ok', 'type']",OC,product.list,,Standard Product List,Valid,,605
msf_sync_data_server.standard_product_list_line,TRUE,TRUE,TRUE,TRUE,bidirectional,Down,"[('list_id' , 'in', ('product.list', 'id', [('standard_list_ok','=','True')]))]","['comment','list_id/id','ref','name']",OC,product.list.line,,Standard Product List Line,Valid,,606
msf_sync_data_server.tax_code,TRUE,TRUE,FALSE,TRUE,bidirectional,Down,[],"['code', 'info', 'name', 'notprintable', 'sign']",OC,account.tax.code,,Tax Code,Valid,,610
msf_sync_data_server.tax_code_tree,TRUE,TRUE,FALSE,TRUE,bidirectional,Down,"[('parent_id','!=','')]",['parent_id/id'],OC,account.tax.code,,Tax Code Tree,Valid,,611
msf_sync_data_server.account_tax,TRUE,TRUE,FALSE,TRUE,bidirectional,Down,[],"['account_collected_id/id', 'account_paid_id/id', 'active', 'amount', 'applicable_type', 'base_code_id/id', 'base_sign', 'child_depend', 'description', 'domain', 'include_base_amount', 'name', 'price_include', 'python_applicable', 'python_compute', 'python_compute_inv', 'ref_base_code_id/id', 'ref_base_sign', 'ref_tax_code_id/id', 'ref_tax_sign', 'sequence', 'tax_code_id/id', 'tax_sign', 'type', 'type_tax_use']",OC,account.tax,,Account Tax,Valid,,612
msf_sync_data_server.account_tax_tree,TRUE,TRUE,FALSE,TRUE,bidirectional,Down,"[('parent_id','!=','')]",['parent_id/id'],OC,account.tax,,Account Tax Tree,Valid,,613
msf_sync_data_server.composition_kit,TRUE,TRUE,FALSE,TRUE,bidirectional,Down,"[('state','=','completed'),('composition_type','=','theoretical')]","['active', 'composition_creation_date', 'composition_description', 'composition_product_id/id', 'composition_type', 'composition_version', 'composition_version_txt', 'name', 'state']",OC,composition.kit,,Theoretical Kit Composition List,Valid,,620
msf_sync_data_server.composition_item,TRUE,TRUE,FALSE,TRUE,bidirectional,Down,"[('item_kit_id' , 'in' , ('composition.kit' , 'id' , [('state','=','completed'),('composition_type','=','theoretical')]))]","['item_asset_id/id', 'item_kit_id/id', 'item_module', 'item_product_id/id', 'item_qty', 'item_uom_id/id']",OC,composition.item,,Theoretical Kit Composition List Line,Valid,,621
msf_sync_data_server.internal_catalogue,TRUE,TRUE,TRUE,TRUE,bidirectional,Down,"[('state','=','confirmed'),('partner_id' , 'in' , ('res.partner' , 'id' , [('partner_type','=','external')]))]","[ 'comment', 'currency_id/id', 'current', 'esc_update_ts', 'name', 'partner_id/id', 'period_from', 'period_to']",OC,supplier.catalogue,,External Supplier Catalogue,Valid,"{'active': True, 'state': 'confirmed'}",650
msf_sync_data_server.internal_catalogue_line,TRUE,TRUE,TRUE,TRUE,bidirectional,Down,"[('catalogue_id.state','=','confirmed'),('catalogue_id.partner_id' , 'in' , ('res.partner' , 'id' , [('partner_type','=','external')]))]","['catalogue_id/id', 'comment', 'line_number', 'line_uom_id/id', 'min_order_qty', 'min_qty', 'product_id/id', 'rounding', 'unit_price']",OC,supplier.catalogue.line,,External Supplier Catalogue Line,Valid,,651
msf_sync_data_server.esc_catalogue,TRUE,TRUE,FALSE,TRUE,bidirectional,Down,"[('state','=','confirmed'),('partner_id' , 'in' , ('res.partner' , 'id' , [('partner_type','=','esc')]))]","[ 'comment', 'currency_id/id', 'current', 'esc_update_ts', 'name', 'partner_id/id', 'period_from', 'period_to']",COORDINATIONS,supplier.catalogue,,ESC Supplier Catalogue,Valid,"{'active': True, 'state': 'confirmed'}",655
msf_sync_data_server.esc_catalogue_line,TRUE,TRUE,FALSE,TRUE,bidirectional,Down,"[('catalogue_id.state','=','confirmed'),('catalogue_id.partner_id' , 'in' , ('res.partner' , 'id' , [('partner_type','=','esc')]))]","['catalogue_id/id', 'comment', 'line_number', 'line_uom_id/id', 'min_order_qty', 'min_qty', 'product_id/id', 'rounding', 'unit_price']",COORDINATIONS,supplier.catalogue.line,,ESC Supplier Catalogue Lines,Valid,,656
msf_sync_data_server.coordo_catalogue,TRUE,TRUE,FALSE,TRUE,bidirectional,Down,"[('state','=','confirmed'),('partner_id' , 'in' , ('res.partner' , 'id' , [('is_coordo','=',True)]))]","[ 'comment', 'currency_id/id', 'current', 'esc_update_ts', 'name', 'partner_id/id', 'period_from', 'period_to']",MISSION,supplier.catalogue,,Coordo Supplier Catalogue,Valid,"{'active': True, 'state': 'confirmed'}",660
msf_sync_data_server.coordo_catalogue_line,TRUE,TRUE,FALSE,TRUE,bidirectional,Down,"[('catalogue_id.state','=','confirmed'),('catalogue_id.partner_id' , 'in' , ('res.partner' , 'id' , [('is_coordo','=',True)]))]","['catalogue_id/id', 'comment', 'line_number', 'line_uom_id/id', 'min_order_qty', 'min_qty', 'product_id/id', 'rounding', 'unit_price']",MISSION,supplier.catalogue.line,,Coordo Supplier Catalogue Lines,Valid,,661
msf_sync_data_server.user_groups,TRUE,TRUE,TRUE,TRUE,bidirectional,Down,[],"['comment', 'menu_access/id', 'name', 'visible_res_groups', 'is_an_admin_profile']",OC,res.groups,,User Groups,Valid,,700
msf_sync_data_server.ACL,TRUE,TRUE,TRUE,TRUE,bidirectional,Down,[],"['group_id/id', 'model_id/id', 'name', 'perm_create', 'perm_read', 'perm_unlink', 'perm_write']",OC,ir.model.access,,Access Control Lists,Valid,,701
msf_sync_data_server.record_rules,TRUE,TRUE,TRUE,TRUE,bidirectional,Down,[],"['domain_force', 'global', 'groups/id', 'model_id/id', 'name', 'perm_create', 'perm_read', 'perm_unlink', 'perm_write']",OC,ir.rule,,Record Rules,Valid,,702
msf_sync_data_server.access_rights_header,TRUE,TRUE,TRUE,TRUE,bidirectional,Down,[],"['active', 'comment', 'domain_id/id', 'domain_text', 'family_model_ids/id', 'group_ids/id', 'instance_level', 'model_id/id', 'model_name', 'name', 'status']",OC,msf_field_access_rights.field_access_rule,,Field Access Rules,Valid,,703
msf_sync_data_server.access_rights_lines,TRUE,TRUE,TRUE,TRUE,bidirectional,Down,[],"['field/id', 'field_access_rule/id', 'field_access_rule_model_id', 'field_name', 'value_not_synchronized_on_create', 'value_not_synchronized_on_write', 'write_access']",OC,msf_field_access_rights.field_access_rule_line,,Field Access Rule Lines,Valid,,704
msf_sync_data_server.button_access_rules,FALSE,TRUE,FALSE,TRUE,bidirectional,Down,"[('is_remote_wh', '=', False)]","['active', 'comment', 'group_ids/id', 'group_names', 'label', 'model_id/id', 'name', 'type', 'view_id/id']",OC,msf_button_access_rights.button_access_rule,,Button Access Rules,Valid,,705
msf_sync_data_server.button_access_rules2,TRUE,TRUE,FALSE,TRUE,bidirectional,Down,"[('is_remote_wh', '=', False)]","['active', 'comment', 'group_ids/id', 'group_names', 'label', 'model_id/id', 'name', 'type', 'view_id/id', 'xmlname']",OC,msf_button_access_rights.button_access_rule,,Button Access Rules,Valid,,715
msf_sync_data_server.window_actions,TRUE,TRUE,FALSE,TRUE,bidirectional,Down,"[('res_model','!=','audittrail.log.line'), ('is_remote_wh', '=', False)]",['groups_id/id'],OC,ir.actions.act_window,,Window Action groups,Valid,,706
msf_sync_data.sync_monitor,TRUE,TRUE,FALSE,FALSE,bidirectional,Bidirectional-Private,"[('status', '=', 'ok')]","['instance_id/id', 'nb_msg_pull', 'nb_data_pull', 'nb_msg_push', 'nb_data_push', 'nb_msg_not_run', 'nb_data_not_run', 'start', 'end', 'destination_instance_id/id']",OC,sync.monitor,destination_instance_id,Sync Monitor,Valid,,720
msf_sync_data.sync_version_instance_monitor,TRUE,TRUE,FALSE,FALSE,bidirectional,Up,[],"['backup_date', 'backup_path', 'instance_id/id', 'version']",OC,sync.version.instance.monitor,,Sync Version Instance Monitor,Valid,,725
msf_sync_data_server.ir_translation,TRUE,TRUE,TRUE,TRUE,cp_to_rw,Down,"[('res_id', '!=', 0), ('src', '!=', False), ('xml_id', '!=', False), ('lang', '!=', 'en_US'), ('type', '=', 'model'), ('name', 'in', ['res.partner.category,name','product.uom,name','product.template,description_purchase','product.template,description','product.template,description_sale','product.uom.categ,name','product.pricelist,name','product.category,name','product.nomenclature,name','product.product,form_value','product.product,function_value','product.product,fit_value','res.currency,currency_name','res.country,name','product.ul,name','product.price.type,name','product.pricelist.type,name','product.pricelist.version,name','account.analytic.account,name','account.fiscal.position,note','hr.employee.marital.status,name','account.period,name','account.tax.code,name','account.journal,name','account.tax,name','account.analytic.journal,name','account.account,name','stock.reason.type,name','product.template,name','product.justification.code,code'])]","['lang', 'src', 'name', 'value', 'type', 'xml_id']",OC,ir.translation,,Translations,Valid,,730
msf_sync_data_server.ir_translation_journal_up,TRUE,TRUE,FALSE,TRUE,bidirectional,Up,"[('res_id', '!=', 0), ('src', '!=', False), ('xml_id', '!=', False), ('lang', '!=', 'en_US'), ('type', '=', 'model'), ('name', 'in', ['account.journal,name'])]","['lang', 'src', 'name', 'value', 'type', 'xml_id']",OC,ir.translation,,Translations,Valid,,731
msf_usb_sync_data_server.cp_res_groups,TRUE,TRUE,TRUE,TRUE,cp_to_rw,Bidirectional,[],"['comment', 'from_file_import_res_groups', 'name', 'visible_res_groups', 'is_an_admin_profile']",USB,res.groups,,[CONFIG] Group,Valid,,1000
msf_usb_sync_data_server.cp_res_users,TRUE,TRUE,FALSE,TRUE,cp_to_rw,Bidirectional,"[('active', '=', True)]","['email', 'login', 'name', 'user_email']",USB,res.users,,[CONFIG] Res Users,Valid,,1001
msf_usb_sync_data_server.cp_ir_model_data,TRUE,TRUE,FALSE,TRUE,cp_to_rw,Bidirectional,[],"['group_id/id', 'model_id/id', 'name', 'perm_create', 'perm_read', 'perm_unlink', 'perm_write']",USB,ir.model.access,,[CONFIG] Access Control List,Valid,,1010
msf_usb_sync_data_server.bi_account_analytic_account,TRUE,TRUE,FALSE,TRUE,bidirectional,Bidirectional,[],"['category', 'code', 'description', 'cost_center_ids/id', 'date_start', 'tuple_destination_account_ids/id', 'date',  'type', 'name']",USB,account.analytic.account,,[MASTER] Account Analytic Account,Valid,,1100
msf_usb_sync_data_server.bi_account_analytic_account_tree,TRUE,TRUE,TRUE,TRUE,bidirectional,Bidirectional,[],['parent_id/id'],USB,account.analytic.account,,[MASTER] Account Analytic Account Tree,Valid,,1101
msf_usb_sync_data_server.cp_proprietary_instance,TRUE,TRUE,FALSE,TRUE,cp_to_rw,Bidirectional,[],"['code', 'instance', 'instance_identifier', 'level', 'mission', 'move_prefix', 'name', 'note', 'reconcile_prefix', 'state']",USB,msf.instance,,[MASTER] Proprietary Instance,Valid,,1110
msf_usb_sync_data_server.cp_proprietary_instance_tree,TRUE,TRUE,FALSE,TRUE,cp_to_rw,Bidirectional,"[('parent_id','!=','')]",['parent_id/id'],USB,msf.instance,,[MASTER] Proprietary Instance Tree,Valid,,1111
msf_usb_sync_data_server.cp_account_target_costcenter,TRUE,TRUE,TRUE,TRUE,cp_to_rw,Bidirectional,"[('instance_id.state','=','active')]","['cost_center_id/id', 'instance_id/id', 'is_po_fo_cost_center', 'is_target', 'is_top_cost_center']",USB,account.target.costcenter,,[MASTER] Instance Cost Centers,Valid,,1120
msf_usb_sync_data_server.cp_account_target_costcenter_tree,TRUE,TRUE,TRUE,TRUE,cp_to_rw,Bidirectional,"[('instance_id.state','=','active'), ('parent_id','!=','')]","['instance_id/id', 'parent_id/id']",USB,account.target.costcenter,,[MASTER] Instance Cost Centers Tree,Valid,,1121
msf_usb_sync_data_server.cp_fiscal_year,TRUE,TRUE,FALSE,TRUE,cp_to_rw,Bidirectional,[],"['code', 'date_start', 'date_stop', 'name']",USB,account.fiscalyear,,[MASTER] Fiscal Year,Valid,,1130
msf_usb_sync_data_server.cp_periods,TRUE,TRUE,TRUE,TRUE,cp_to_rw,Bidirectional,"[('active', 'in', ['t', 'f'])]","['active', 'code', 'date_start', 'date_stop', 'fiscalyear_id/id', 'name', 'number', 'special']",USB,account.period,,[MASTER] Periods,Valid,,1140
msf_usb_sync_data_server.cp_currency_table_header,TRUE,TRUE,FALSE,TRUE,cp_to_rw,Bidirectional,"[('state','=','valid')]","['code', 'name']",USB,res.currency.table,,[MASTER] Currency Table Header,Valid,,1150
msf_usb_sync_data_server.cp_currency,TRUE,TRUE,FALSE,TRUE,cp_to_rw,Bidirectional,"['|', ('active', '=', ''), ('active', '!=', ''),('currency_table_id', '=', '')]","['accuracy', 'currency_name', 'name', 'rounding', 'symbol']",USB,res.currency,,[MASTER] Currency,Valid,,1151
msf_usb_sync_data_server.cp_currency_with_ref_to_cur_table,TRUE,TRUE,FALSE,TRUE,cp_to_rw,Bidirectional,"['|', ('active', '=', ''), ('active', '!=', ''),('currency_table_id', '!=', ''), ('currency_table_id.state', '=', 'valid')]","['accuracy', 'currency_name', 'currency_table_id/id', 'name', 'reference_currency_id/id', 'rounding', 'symbol']",USB,res.currency,,[MASTER] Currency (with ref to cur table),Valid,,1152
msf_usb_sync_data_server.cp_currency_table_rate,TRUE,TRUE,TRUE,TRUE,cp_to_rw,Bidirectional,"[('rate' , '!=' , ''),('currency_id', '!=', ''), ('currency_id.currency_table_id', '!=', ''), ('currency_id.currency_table_id', 'in', ('res.currency.table', 'id', [('state', '=', 'valid')]))]","['currency_id/id', 'name', 'rate']",USB,res.currency.rate,,[MASTER] Currency Table Rate,Valid,,1153
msf_usb_sync_data_server.cp_currency_activator,TRUE,TRUE,TRUE,TRUE,cp_to_rw,Bidirectional,"[('active', '!=', ''),('currency_table_id', '!=', ''), ('currency_table_id.state', '=', 'valid')]",['active'],USB,res.currency,,[MASTER] Currency activator,Valid,,1154
msf_usb_sync_data_server.cp_currency_table_header_state,TRUE,TRUE,TRUE,TRUE,cp_to_rw,Bidirectional,"[('state','=','valid')]",['state'],USB,res.currency.table,,[MASTER] Currency Table Header State,Valid,,1155
msf_usb_sync_data_server.cp_currency_rate,TRUE,TRUE,TRUE,TRUE,cp_to_rw,Bidirectional,"[('rate' , '!=' , ''),('currency_id', '!=', ''), ('currency_id', 'in', ('res.currency', 'id', [('active', 'in', ['t', 'f']), ('currency_table_id', '=', '')]))]","['currency_id/id', 'name', 'rate']",USB,res.currency.rate,,[MASTER] Currency Rate,Valid,,1156
msf_usb_sync_data_server.cp_gl_account_type,TRUE,TRUE,TRUE,TRUE,cp_to_rw,Bidirectional,[],"['close_method', 'code', 'name', 'note', 'report_type']",USB,account.account.type,,[MASTER] GL Account Type,Valid,,1400
msf_usb_sync_data_server.cp_gl_accounts,TRUE,TRUE,FALSE,TRUE,cp_to_rw,Bidirectional,[],"['accrual_account','code', 'default_destination_id/id', 'inactivation_date', 'activation_date', 'is_not_hq_correctible', 'name', 'note', 'reconcile', 'type', 'type_for_register', 'user_type/id', 'currency_revaluation', 'include_in_yearly_move', 'has_partner_type_internal', 'has_partner_type_section', 'has_partner_type_external', 'has_partner_type_esc', 'has_partner_type_intermission', 'has_partner_type_local', 'has_partner_type_ex', 'has_partner_type_book' ]",USB,account.account,,[MASTER] GL Accounts,Valid,,1410
msf_usb_sync_data_server.cp_gl_accounts_tree,TRUE,TRUE,TRUE,TRUE,cp_to_rw,Bidirectional,"[('parent_id', '!=', '')]",['parent_id/id'],USB,account.account,,[MASTER] GL Accounts Tree,Valid,,1411
msf_usb_sync_data_server.cp_analytical_journal_hq,TRUE,TRUE,FALSE,TRUE,cp_to_rw,Bidirectional,"[('instance_id.level', '=', 'section')]","['active', 'code', 'name', 'type','instance_id/id']",USB,account.analytic.journal,,[MASTER] Analytical Journal (HQ),Valid,,1420
msf_usb_sync_data_server.cp_analytical_journal_coordo,TRUE,TRUE,FALSE,TRUE,cp_to_rw,Bidirectional,"[('instance_id.level', '=', 'coordo')]","['active', 'code', 'name', 'type','instance_id/id']",USB,account.analytic.journal,,[MASTER] Analytical Journal (Coordo),Valid,,1421
msf_usb_sync_data_server.cp_analytical_journal_project,TRUE,TRUE,FALSE,TRUE,cp_to_rw,Bidirectional,"[('instance_id.level', '=', 'project')]","['active', 'code', 'name', 'type','instance_id/id']",USB,account.analytic.journal,,[MASTER] Analytical Journal (Project),Valid,,1422
msf_usb_sync_data_server.cp_analytical_journal,TRUE,TRUE,FALSE,TRUE,cp_to_rw,Bidirectional,[],"['active', 'code', 'name', 'type','instance_id/id']",USB,account.analytic.journal,,[MASTER] Analytical Journal,Valid,,1423
msf_usb_sync_data_server.cp_link_accounts_destination,TRUE,TRUE,FALSE,TRUE,cp_to_rw,Bidirectional,[],"['account_id/id', 'destination_id/id']",USB,account.destination.link,,[MASTER] Link accounts Destination,Valid,,1430
msf_usb_sync_data_server.cp_analytic_distribution,TRUE,TRUE,FALSE,TRUE,bidirectional,Bidirectional,[],['name'],USB,analytic.distribution,,[MASTER] Analytic Distribution,Valid,,1450
msf_usb_sync_data_server.cp_cost_center_distribution_line,TRUE,TRUE,TRUE,TRUE,bidirectional,Bidirectional,[],"['amount', 'analytic_id/id', 'currency_id/id', 'date', 'destination_id/id', 'distribution_id/id', 'name', 'percentage', 'source_date']",USB,cost.center.distribution.line,,[MASTER] Cost Center Distribution Line ,Valid,,1460
msf_usb_sync_data_server.bi_funding_pool_distribution_line,TRUE,TRUE,TRUE,TRUE,bidirectional,Bidirectional,[],"['amount', 'analytic_id/id', 'cost_center_id/id', 'currency_id/id', 'date', 'destination_id/id', 'distribution_id/id', 'name', 'percentage', 'source_date']",USB,funding.pool.distribution.line,,[MASTER] Funding Pool Distribution Line,Valid,,1461
msf_usb_sync_data_server.cp_free_1_distribution_line,TRUE,TRUE,TRUE,TRUE,cp_to_rw,Bidirectional,[],"['amount', 'analytic_id/id', 'currency_id/id', 'date', 'destination_id/id', 'distribution_id/id', 'name', 'percentage', 'source_date']",USB,free.1.distribution.line,,[MASTER] Free 1 Distribution Line,Valid,,1470
msf_usb_sync_data_server.cp_free_2_distribution_line,TRUE,TRUE,TRUE,TRUE,cp_to_rw,Bidirectional,[],"['amount', 'analytic_id/id', 'currency_id/id', 'date', 'destination_id/id', 'distribution_id/id', 'name', 'percentage', 'source_date']",USB,free.2.distribution.line,,[MASTER] Free 2 Distribution Line,Valid,,1471
msf_usb_sync_data_server.cp_gl_journal_non_registers,TRUE,TRUE,FALSE,TRUE,cp_to_rw,Bidirectional,"[('type', '!=', 'cash'),('type', '!=', 'cheque'),('type', '!=', 'bank')]","['bank_journal_id/id','analytic_journal_id/id', 'code', 'currency/id', 'default_credit_account_id/id', 'default_debit_account_id/id', 'name', 'type','instance_id/id']",USB,account.journal,,[MASTER] GL Journal (Non Registers),Valid,,1500
msf_usb_sync_data_server.cp_gl_journals_registers_hq_bank,TRUE,TRUE,FALSE,TRUE,cp_to_rw,Bidirectional,"[('type', '=', 'bank'),('instance_id.level', '=', 'section')]","['bank_journal_id/id','analytic_journal_id/id', 'code', 'currency/id', 'default_credit_account_id/id', 'default_debit_account_id/id', 'name', 'type','instance_id/id']",USB,account.journal,,[MASTER] GL Journals – Bank Registers (HQ),Valid,,1501
msf_usb_sync_data_server.cp_gl_journals_registers_coordo_bank,TRUE,TRUE,FALSE,TRUE,cp_to_rw,Bidirectional,"[('type', '=', 'bank'),('instance_id.level', '=', 'coordo')]","['bank_journal_id/id','analytic_journal_id/id', 'code', 'currency/id', 'default_credit_account_id/id', 'default_debit_account_id/id', 'name', 'type','instance_id/id']",USB,account.journal,,[MASTER] GL Journals – Bank Registers (Coordo),Valid,,1502
msf_usb_sync_data_server.cp_gl_journals_registers_bank,TRUE,TRUE,FALSE,TRUE,cp_to_rw,Bidirectional,"[('type', '=', 'bank')]","['bank_journal_id/id','analytic_journal_id/id', 'code', 'currency/id', 'default_credit_account_id/id', 'default_debit_account_id/id', 'name', 'type','instance_id/id']",USB,account.journal,,[MASTER] GL Journals – Bank Registers,Valid,,1503
msf_usb_sync_data_server.cp_gl_journals_registers_hq,TRUE,TRUE,FALSE,TRUE,cp_to_rw,Bidirectional,"['|',('type', '=', 'cash'),('type', '=', 'cheque'),('instance_id.level', '=', 'section')]","['bank_journal_id/id','analytic_journal_id/id', 'code', 'currency/id', 'default_credit_account_id/id', 'default_debit_account_id/id', 'name', 'type','instance_id/id']",USB,account.journal,,[MASTER] GL Journals - Registers (HQ),Valid,,1505
msf_usb_sync_data_server.cp_gl_journals_registers_coordo,TRUE,TRUE,FALSE,TRUE,cp_to_rw,Bidirectional,"['|',('type', '=', 'cash'),('type', '=', 'cheque'),('instance_id.level', '=', 'coordo')]","['bank_journal_id/id','analytic_journal_id/id', 'code', 'currency/id', 'default_credit_account_id/id', 'default_debit_account_id/id', 'name', 'type','instance_id/id']",USB,account.journal,,[MASTER] GL Journals - Registers (Coordo),Valid,,1506
msf_usb_sync_data_server.cp_gl_journals_registers,TRUE,TRUE,FALSE,TRUE,cp_to_rw,Bidirectional,"['|',('type', '=', 'cash'),('type', '=', 'cheque')]","['bank_journal_id/id','analytic_journal_id/id', 'code', 'currency/id', 'default_credit_account_id/id', 'default_debit_account_id/id', 'name', 'type','instance_id/id']",USB,account.journal,,[MASTER] GL Journals - Registers,Valid,,1507
msf_usb_sync_data_server.cp_account_move_reconcile,TRUE,TRUE,TRUE,TRUE,cp_to_rw,Bidirectional,[],"['name', 'type']",USB,account.move.reconcile,,[MASTER] Account Move Reconcile,Valid,,1510
msf_usb_sync_data_server.cp_account_move,TRUE,TRUE,FALSE,TRUE,cp_to_rw,Bidirectional,[],"['date', 'document_date', 'imported', 'journal_id/id', 'name', 'narration', 'period_id/id', 'ref', 'statement_line_ids/id', 'to_check','instance_id/id','status','employee_id/id','transfer_journal_id/id','manual_currency_id/id','block_manual_currency_id','partner_id2/id','analytic_distribution_id/id']",USB,account.move,,[MASTER] Account Move,Valid,,1520
msf_usb_sync_data_server.cp_account_move_line,TRUE,TRUE,FALSE,TRUE,cp_to_rw,Bidirectional,[],"['account_id/id', 'accrual', 'analytic_account_id/id', 'analytic_distribution_id/id', 'blocked', 'cheque_number','corrected', 'credit', 'credit_currency', 'currency_id/id', 'date', 'date_created', 'date_maturity', 'debit', 'debit_currency', 'document_date', 'employee_id/id', 'have_an_historic', 'instance_id/id', 'is_addendum_line', 'is_counterpart', 'is_transfer_with_change', 'is_write_off', 'journal_id/id', 'last_cor_was_only_analytic', 'move_id/id', 'move_state', 'name', 'partner_id/id','partner_txt','period_id/id', 'reconcile_id/id', 'ref', 'reversal', 'source_date', 'statement_id/id', 'reference', 'state','transfer_journal_id/id', 'transfer_amount', 'is_downpayment']",USB,account.move.line,,[MASTER] Account Move Line,Valid,,1521
msf_usb_sync_data_server.cp_account_move_line_correction,TRUE,TRUE,FALSE,TRUE,cp_to_rw,Bidirectional,"[('move_id','in',('account.move','id',[('state','=','posted')]))]","['corrected_line_id/id', 'instance_id/id', 'reversal_line_id/id']",USB,account.move.line,,[MASTER] Account Move Line Correction,Valid,,1522
msf_usb_sync_data_server.cp_account_move_line_register_line,TRUE,TRUE,FALSE,TRUE,cp_to_rw,Bidirectional,[],"['corrected_st_line_id/id', 'instance_id/id']",USB,account.move.line,,[MASTER] Account Move Line / Register Line,Valid,,1523
msf_usb_sync_data_server.cp_register_line_account_move_line,TRUE,TRUE,FALSE,TRUE,cp_to_rw,Bidirectional,"[('instance_id' , 'in' , ('msf.instance' , 'id' , [('level' , '=' , 'project')])),('statement_id','in',('account.bank.statement','id',[('state','!=','draft')])),'!',('state','=','draft')]","['first_move_line_id/id', 'instance_id/id']",USB,account.bank.statement.line,,[MASTER] Register Line / Account Move Line,Valid,,1530
msf_usb_sync_data_server.cp_account_move_state,TRUE,TRUE,FALSE,TRUE,cp_to_rw,Bidirectional,[],"['instance_id/id', 'state']",USB,account.move,,[MASTER] Account Move State,Valid,,1540
msf_usb_sync_data_server.cp_analytical_line,TRUE,TRUE,FALSE,TRUE,cp_to_rw,Bidirectional,[],"['account_id/id', 'amount', 'amount_currency', 'code', 'cost_center_id/id', 'currency_id/id', 'date', 'destination_id/id', 'distrib_line_id', 'document_date', 'general_account_id/id', 'instance_id/id', 'is_reallocated', 'is_reversal', 'journal_id/id', 'last_corrected_id/id', 'move_id/id', 'name', 'partner_txt', 'ref', 'reversal_origin/id', 'source_date', 'entry_sequence']",USB,account.analytic.line,,[MASTER] Analytical Line,Valid,,1550
msf_usb_sync_data_server.cp_mission_stock_report,TRUE,TRUE,FALSE,TRUE,cp_to_rw,Bidirectional,"[('full_view', '=', False)]","['full_view', 'instance_id/id', 'last_update', 'name']",USB,stock.mission.report,,[MASTER] Mission Stock Report,Valid,,1580
msf_usb_sync_data_server.cp_mission_stock_report_line,TRUE,TRUE,FALSE,TRUE,cp_to_rw,Bidirectional,"[('full_view', '=', False)]","['central_qty', 'central_val', 'cross_qty', 'cross_val', 'cu_qty', 'cu_val', 'in_pipe_coor_qty', 'in_pipe_coor_val', 'in_pipe_qty', 'in_pipe_val', 'internal_qty', 'internal_val', 'mission_report_id/id', 'product_id/id', 'secondary_qty', 'secondary_val', 'stock_qty', 'stock_val']",USB,stock.mission.report.line,,[MASTER] Mission Stock Report Line,Valid,,1581
msf_usb_sync_data_server.cp_country,TRUE,TRUE,FALSE,TRUE,cp_to_rw,Bidirectional,[],"['code', 'name']",USB,res.country,,[MASTER] Country,Valid,,1600
msf_usb_sync_data_server.cp_state,TRUE,TRUE,FALSE,TRUE,cp_to_rw,Bidirectional,[],"['code', 'country_id/id', 'name']",USB,res.country.state,,[MASTER] State,Valid,,1601
msf_usb_sync_data_server.cp_uom_categories,TRUE,TRUE,FALSE,TRUE,cp_to_rw,Bidirectional,[],['name'],USB,product.uom.categ,,[MASTER] UoM Categories,Valid,,1610
msf_usb_sync_data_server.cp_uom,TRUE,TRUE,FALSE,TRUE,cp_to_rw,Bidirectional,[],"['category_id/id', 'factor', 'factor_inv', 'name', 'rounding', 'uom_type']",USB,product.uom,,[MASTER] UoM,Valid,,1611
msf_usb_sync_data_server.cp_nomenclature,TRUE,TRUE,FALSE,TRUE,cp_to_rw,Bidirectional,[],"['level', 'name', 'type', 'msfid']",USB,product.nomenclature,,[MASTER] Nomenclature,Valid,,1620
msf_usb_sync_data_server.cp_nomenclature_tree,TRUE,TRUE,FALSE,TRUE,cp_to_rw,Bidirectional,"[('parent_id', '!=', '')]",['parent_id/id'],USB,product.nomenclature,,[MASTER] Nomenclature Tree,Valid,,1621
msf_usb_sync_data_server.cp_product_category,TRUE,TRUE,FALSE,TRUE,cp_to_rw,Bidirectional,[],"['active', 'donation_expense_account/id', 'family_id/id', 'name', 'property_account_expense_categ/id', 'property_account_income_categ/id', 'property_stock_account_input_categ/id', 'property_stock_account_output_categ/id', 'property_stock_journal/id', 'property_stock_variation/id', 'type', 'msfid']",USB,product.category,,[MASTER] Product Category,Valid,,1630
msf_usb_sync_data_server.cp_product_category_tree,TRUE,TRUE,FALSE,TRUE,cp_to_rw,Bidirectional,"[('parent_id', '!=', '')]",['parent_id/id'],USB,product.category,,[MASTER] Product Category Tree,Valid,,1631
msf_usb_sync_data_server.cp_justification_code,TRUE,TRUE,FALSE,TRUE,cp_to_rw,Bidirectional,[],"['code', 'description']",USB,product.justification.code,,[MASTER] Justification Code,Valid,,1640
msf_usb_sync_data_server.cp_asset_type,TRUE,TRUE,FALSE,TRUE,cp_to_rw,Bidirectional,[],['name'],USB,product.asset.type,,[MASTER] Product Asset Type,Valid,,1641
msf_usb_sync_data_server.bi_product_asset,TRUE,TRUE,FALSE,TRUE,bidirectional,Bidirectional,[],"['comment', 'asset_type_id/id', 'product_id/id', 'serial_nb', 'orig_mission_code', 'nomenclature_description', 'year', 'invo_donator_code', 'arrival_date', 'prod_int_name', 'prod_int_code', 'invo_certif_depreciation', 'type', 'brand', 'invo_date', 'project_po', 'description', 'invo_supplier', 'local_ref', 'international_po', 'receipt_place', 'invo_currency/id', 'name', 'invo_num', 'hq_ref', 'invo_value', 'model']",USB,product.asset,,[MASTER] Product Asset,Valid,,1642
msf_usb_sync_data_server.cp_pricelist_type,TRUE,TRUE,FALSE,TRUE,cp_to_rw,Bidirectional,[],"['key', 'name']",USB,product.pricelist.type,,[MASTER] Pricelist Type,Valid,,1645
msf_usb_sync_data_server.cp_price_list,TRUE,TRUE,FALSE,TRUE,cp_to_rw,Bidirectional,[],"['active', 'currency_id/id', 'in_search', 'name', 'type']",USB,product.pricelist,,[MASTER] Price List,Valid,,1650
msf_usb_sync_data_server.cp_price_list_version,TRUE,TRUE,FALSE,TRUE,cp_to_rw,Bidirectional,[],"['active', 'date_end', 'date_start', 'name', 'pricelist_id/id']",USB,product.pricelist.version,,[MASTER] Price List Version,Valid,,1651
msf_usb_sync_data_server.cp_all_partners,TRUE,TRUE,FALSE,TRUE,cp_to_rw,Bidirectional,[],"['comment', 'credit_limit', 'customer', 'customer_lt', 'lang', 'manufacturer', 'name', 'partner_type', 'po_by_project', 'procurement_lt', 'property_account_payable/id', 'property_account_position/id', 'property_account_receivable/id', 'property_payment_term/id', 'property_product_pricelist/id', 'property_product_pricelist_purchase/id', 'property_stock_customer/id', 'property_stock_supplier/id', 'ref', 'supplier', 'supplier_lt', 'transport_0', 'transport_0_lt', 'transport_1', 'transport_1_lt', 'transport_2', 'transport_2_lt', 'transporter']",USB,res.partner,,[MASTER] Partner,Valid,,1660
msf_usb_sync_data_server.cp_all_partners_tree,TRUE,TRUE,FALSE,TRUE,cp_to_rw,Bidirectional,"[('parent_id', '!=', '')]",['parent_id/id'],USB,res.partner,,[MASTER] Partner Tree,Valid,,1661
msf_usb_sync_data_server.cp_all_partners_address,TRUE,TRUE,FALSE,TRUE,cp_to_rw,Bidirectional,[],"['active', 'city', 'country_id/id', 'email', 'fax', 'function', 'mobile', 'name', 'partner_id/id', 'phone', 'state_id/id', 'street', 'street2', 'title/id', 'type', 'zip']",USB,res.partner.address,,[MASTER] Partner Address,Valid,,1662
msf_usb_sync_data_server.cp_product_price_list,TRUE,TRUE,FALSE,TRUE,cp_to_rw,Bidirectional,[],"['active', 'company_id/id', 'currency_id/id', 'currency_name', 'name', 'type']",USB,product.pricelist,,[MASTER] Product_price_list,Valid,,1670
msf_usb_sync_data_server.cp_country_restrictions,TRUE,TRUE,FALSE,TRUE,cp_to_rw,Bidirectional,[],['name'],USB,res.country.restriction,,[MASTER] Country restrictions,Valid,,1680
msf_usb_sync_data_server.cp_all_product,TRUE,TRUE,FALSE,TRUE,cp_to_rw,Bidirectional,[],"['alert_time', 'batch_management', 'asset_type_id', 'categ_id/id', 'closed_article','manufacturer_txt', 'manufacturer_ref','code', 'cold_chain/id', 'composed_kit', 'cost_method', 'country_restriction/id', 'dangerous_goods', 'default_code', 'description', 'description2', 'description_purchase', 'description_sale', 'gmdn_code', 'gmdn_description', 'heat_sensitive_item/id', 'international_status/id', 'justification_code_id/id', 'library', 'life_time', 'list_ids/id','med_device_class', 'name', 'name_template', 'controlled_substance', 'nomen_manda_0/id', 'nomen_manda_1/id', 'nomen_manda_2/id', 'nomen_manda_3/id', 'options_ids/id', 'perishable', 'procure_delay', 'procure_method', 'produce_delay', 'product_catalog_page', 'product_catalog_path', 'property_account_expense/id', 'property_account_income/id', 'property_stock_account_input/id', 'property_stock_account_output/id', 'restricted_country', 'short_shelf_life', 'single_use', 'sterilized', 'standard_price', 'sublist', 'subtype', 'supply_method', 'type', 'un_code', 'uom_id/id', 'uom_po_id/id','use_time', 'valuation', 'weight', 'weight_net', 'xmlid_code', 'active', 'state', 'old_code', 'new_code', 'function_value', 'form_value', 'fit_value', 'standard_ok','transport_ok','volume','volume_updated', 'soq_quantity', 'soq_weight','soq_volume']",USB,product.product,,[MASTER] Products,Valid,,1810
msf_usb_sync_data_server.cp_standard_product_list,TRUE,TRUE,TRUE,TRUE,cp_to_rw,Bidirectional,"[('standard_list_ok','=','True')]","['creation_date', 'creator', 'description', 'last_update_date', 'name', 'order_list_print_ok', 'ref', 'standard_list_ok', 'type']",USB,product.list,,[MASTER] Standard Product List,Valid,,1820
msf_usb_sync_data_server.cp_standard_product_list_line,TRUE,TRUE,TRUE,TRUE,cp_to_rw,Bidirectional,"[('list_id' , 'in', ('product.list', 'id', [('standard_list_ok','=','True')]))]","['comment','list_id/id','ref','name/id']",USB,product.list.line,,[MASTER] Standard Product List Line,Valid,,1821
msf_usb_sync_data_server.cp_composition_kit,TRUE,TRUE,FALSE,TRUE,cp_to_rw,Bidirectional,"[('state','=','completed'),('composition_type','=','theoretical')]","['active', 'composition_creation_date', 'composition_description', 'composition_product_id/id', 'composition_type', 'composition_version', 'composition_version_txt', 'name', 'state']",USB,composition.kit,,[MASTER] Theoretical Kit Composition List,Valid,,1830
msf_usb_sync_data_server.cp_composition_item,TRUE,TRUE,FALSE,TRUE,cp_to_rw,Bidirectional,"[('item_kit_id' , 'in' , ('composition.kit' , 'id' , [('state','=','completed'),('composition_type','=','theoretical')]))]","['item_asset_id/id', 'item_kit_id/id', 'item_module', 'item_product_id/id', 'item_qty', 'item_uom_id/id']",USB,composition.item,,[MASTER] Theoretical Kit Composition List Line,Valid,,1831
msf_usb_sync_data_server.cp_company,TRUE,TRUE,FALSE,TRUE,cp_to_rw,Bidirectional,[],"['currency_id/id', 'name', 'partner_id/id', 'po_lead', 'rml_header', 'rml_header2', 'rml_header3', 'schedule_range', 'security_lead']",USB,res.company,,[MASTER] Company,Valid,,1890
msf_usb_sync_data_server.cp_stock_journal,TRUE,TRUE,FALSE,TRUE,cp_to_rw,Bidirectional,[],"['name', 'user_id/id']",USB,stock.journal,,[MASTER] Stock Journal,Valid,,1900
msf_usb_sync_data_server.cp_warehouse,TRUE,TRUE,FALSE,TRUE,cp_to_rw,Bidirectional,[],"['company_id/id', 'lot_dispatch_id/id', 'lot_distribution_id/id', 'lot_input_id/id', 'lot_output_id/id', 'lot_packing_id/id', 'lot_quarantine_id/id', 'lot_stock_id/id', 'name']",USB,stock.warehouse,,[MASTER] Warehouse,Valid,,1910
msf_usb_sync_data_server.cp_stock_location_chained_options,TRUE,TRUE,FALSE,TRUE,cp_to_rw,Bidirectional,[],"['dest_location_id/id', 'location_id/id', 'nomen_id/id']",USB,stock.location.chained.options,,[MASTER] Stock Location Chained Options,Valid,,1911
msf_usb_sync_data_server.cp_location,TRUE,TRUE,TRUE,TRUE,cp_to_rw,Bidirectional,[],"['address_id/id', 'chained_auto_packing', 'chained_journal_id/id', 'chained_location_type', 'location_category', 'location_id/id', 'name', 'usage', 'active', 'valuation_in_account_id/id', 'valuation_out_account_id/id']",USB,stock.location,,[MASTER] Location,Valid,,1912
msf_usb_sync_data_server.bi_pack_type,TRUE,TRUE,FALSE,TRUE,bidirectional,Bidirectional,[],"['height', 'width', 'length', 'name']",USB,pack.type,,[MASTER] Pack Type,Valid,,1920
msf_usb_sync_data_server.cp_purchase_order_analytic_distrib_line,TRUE,TRUE,FALSE,TRUE,cp_to_rw,Bidirectional,[],"['amount', 'analytic_id/id', 'currency_id/id', 'date', 'distribution_id/id', 'name', 'percentage', 'source_date']",USB,distribution.line,,[ALL] Analytic distribution line,Valid,,2001
msf_usb_sync_data_server.bi_batch_number,TRUE,TRUE,FALSE,TRUE,bidirectional,Bidirectional,[],"['name', 'life_date', 'type', 'company_id/id', 'removal_date', 'use_date', 'prefix', 'product_id/id', 'alert_date', 'date', 'ref']",USB,stock.production.lot,,[ALL] Batch Number,Valid,,2002
msf_usb_sync_data_server.bi_other_monthly_review_consumption,TRUE,TRUE,FALSE,TRUE,bidirectional,Bidirectional,[],"['cons_location_id', 'creation_date', 'hide_column_error_ok', 'nomen_id/id', 'nomen_manda_0/id', 'nomen_manda_1/id', 'nomen_manda_2/id', 'nomen_manda_3/id', 'period_from', 'period_to', 'sublist_id/id']",USB,monthly.review.consumption,,[OTHER] Monthly Review Consumption,Valid,,4010
msf_usb_sync_data_server.bi_other_monthly_review_consumption_line,TRUE,TRUE,FALSE,TRUE,bidirectional,Bidirectional,[],"['fmc', 'fmc2', 'last_reviewed', 'last_reviewed2', 'mrc_creation_date', 'mrc_id/id', 'name/id', 'ref', 'text_error', 'valid_ok', 'valid_until']",USB,monthly.review.consumption.line,,[OTHER] Monthly Review Consumption Line,Valid,,4011
msf_usb_sync_data_server.bi_other_claim_return,TRUE,TRUE,FALSE,TRUE,bidirectional,Bidirectional,[],"['category_return_claim', 'creation_date_return_claim', 'default_src_location_id_return_claim/id', 'description_return_claim', 'follow_up_return_claim', 'name', 'order_line_number_return_claim', 'partner_id_return_claim/id', 'picking_id_return_claim/id', 'po_id_return_claim/id', 'po_so_return_claim', 'so_id_return_claim/id', 'state', 'type_return_claim']",USB,return.claim,,[OTHER] Claim Return,Valid,,4020
msf_usb_sync_data_server.bi_other_claim_event,TRUE,TRUE,FALSE,TRUE,bidirectional,Bidirectional,[],"['creation_date_claim_event', 'description_claim_event', 'event_picking_id_claim_event/id', 'from_picking_wizard_claim_event', 'name', 'order_claim_event', 'replacement_picking_expected_claim_event', 'return_claim_id_claim_event/id', 'state', 'type_claim_event']",USB,claim.event,,[OTHER] Claim Event,Valid,,4021
msf_usb_sync_data_server.bi_other_claim_product_line,TRUE,TRUE,FALSE,TRUE,bidirectional,Bidirectional,[],"['asset_id_claim_product_line/id', 'claim_id_claim_product_line/id', 'composition_list_id_claim_product_line/id', 'expiry_date_claim_product_line', 'integrity_status_claim_product_line', 'lot_id_claim_product_line/id', 'name', 'product_id_claim_product_line/id', 'qty_claim_product_line', 'src_location_id_claim_product_line/id', 'stock_move_id_claim_product_line/id', 'type_check', 'uom_id_claim_product_line/id']",USB,claim.product.line,,[OTHER] Claim Product Line,Valid,,4022
msf_usb_sync_data_server.bi_other_composition_kit,TRUE,TRUE,FALSE,TRUE,bidirectional,Bidirectional,"[('composition_type','=','real')]","['active', 'composition_batch_check', 'composition_creation_date', 'composition_description', 'composition_expiry_check', 'composition_kit_creation_id/id', 'composition_lot_id/id', 'composition_product_id/id', 'composition_ref_exp', 'composition_type', 'composition_version_txt', 'state', 'composition_reference']",USB,composition.kit,,[OTHER] Composition Kit,Valid,,4029
msf_usb_sync_data_server.bi_other_composition_kit_tree,TRUE,TRUE,FALSE,TRUE,bidirectional,Bidirectional,"[('composition_type','=','real')]",['composition_version_id/id'],USB,composition.kit,,[OTHER] Composition Kit Tree,Valid,,4030
msf_usb_sync_data_server.bi_other_composition_item,TRUE,TRUE,FALSE,TRUE,bidirectional,Bidirectional,"[('item_kit_id' , 'in' , ('composition.kit' , 'id' , [('composition_type','=','real')]))]","['item_asset_id/id', 'item_description', 'item_exp', 'item_kit_id/id', 'item_lot', 'item_module', 'item_product_id/id', 'item_qty', 'item_stock_move_id/id', 'item_uom_id/id', 'state', 'text_error', 'to_correct_ok']",USB,composition.item,,[OTHER] Composition Item,Valid,,4031
msf_usb_sync_data_server.bi_other_kit_creation,TRUE,TRUE,FALSE,TRUE,bidirectional,Bidirectional,[],"['batch_check_kit_creation', 'consider_child_locations_kit_creation', 'creation_date_kit_creation', 'default_location_src_id_kit_creation/id', 'expiry_check_kit_creation', 'internal_picking_id_kit_creation/id', 'location_dest_id_kit_creation/id', 'name', 'notes_kit_creation', 'product_id_kit_creation/id', 'qty_kit_creation', 'state', 'to_consume_sequence_id/id', 'uom_id_kit_creation/id', 'version_id_kit_creation/id']",USB,kit.creation,,[OTHER] Kit Creation,Valid,,4032
msf_usb_sync_data_server.bi_other_kit_creation_to_consume,TRUE,TRUE,FALSE,TRUE,bidirectional,Bidirectional,[],"['availability_to_consume', 'consumed_to_consume', 'kit_creation_id_to_consume/id', 'line_number_to_consume', 'location_src_id_to_consume/id', 'module_to_consume', 'product_id_to_consume/id', 'qty_consumed_to_consume', 'qty_to_consume', 'uom_id_to_consume/id']",USB,kit.creation.to.consume,,[OTHER] Kit Creation To Consume,Valid,,4033
msf_usb_sync_data_server.bi_other_stock_frequence,TRUE,TRUE,FALSE,TRUE,bidirectional,Bidirectional,[],"['daily_frequency', 'daily_frequency_ok', 'end_date', 'end_date_ok', 'last_run', 'monthly_choose_day', 'monthly_choose_freq', 'monthly_day01', 'monthly_day02', 'monthly_day03', 'monthly_day04', 'monthly_day05', 'monthly_day06', 'monthly_day07', 'monthly_day08', 'monthly_day09', 'monthly_day10', 'monthly_day11', 'monthly_day12', 'monthly_day13', 'monthly_day14', 'monthly_day15', 'monthly_day16', 'monthly_day17', 'monthly_day18', 'monthly_day19', 'monthly_day20', 'monthly_day21', 'monthly_day22', 'monthly_day23', 'monthly_day24', 'monthly_day25', 'monthly_day26', 'monthly_day27', 'monthly_day28', 'monthly_day29', 'monthly_day30', 'monthly_day31', 'monthly_frequency', 'monthly_one_day', 'monthly_repeating_ok', 'name', 'no_end_date', 'recurrence_nb', 'recurrence_ok', 'recurrence_type', 'start_date', 'weekly_frequency', 'weekly_friday_ok', 'weekly_monday_ok', 'weekly_saturday_ok', 'weekly_sunday_ok', 'weekly_thursday_ok', 'weekly_tuesday_ok', 'weekly_wednesday_ok', 'yearly_choose_day', 'yearly_choose_freq', 'yearly_choose_month', 'yearly_choose_month_freq', 'yearly_date_ok', 'yearly_day', 'yearly_day_ok', 'yearly_frequency']",USB,stock.frequence,,[OTHER] Stock Frequence,Valid,,4040
msf_usb_sync_data_server.bi_other_stock_warehouse_orderpoint,TRUE,TRUE,FALSE,TRUE,bidirectional,Bidirectional,[],"['active', 'company_id/id', 'location_id/id', 'logic', 'name', 'procurement_id/id', 'product_id/id', 'product_max_qty', 'product_min_qty', 'product_uom/id', 'qty_multiple', 'warehouse_id/id']",USB,stock.warehouse.orderpoint,,[OTHER] Stock Warehouse Orderpoint,Valid,,4041
msf_usb_sync_data_server.bi_other_stock_warehouse_automatic_supply,TRUE,TRUE,FALSE,TRUE,bidirectional,Bidirectional,[],"['active', 'category_id/id', 'company_id/id', 'frequence_id/id', 'location_id/id', 'name', 'nomen_manda_0/id', 'nomen_manda_1/id', 'nomen_manda_2/id', 'nomen_manda_3/id', 'procurement_id/id', 'product_id/id', 'product_ids/id', 'product_qty', 'product_uom_id/id', 'sequence', 'sublist_id/id', 'warehouse_id/id']",USB,stock.warehouse.automatic.supply,,[OTHER] Stock Warehouse Automatic Supply,Valid,,4042
msf_usb_sync_data_server.bi_other_stock_warehouse_automatic_supply_line,TRUE,TRUE,FALSE,TRUE,bidirectional,Bidirectional,[],"['product_id/id', 'product_qty', 'product_uom_id/id', 'supply_id/id']",USB,stock.warehouse.automatic.supply.line,,[OTHER] Stock Warehouse Automatic Supply Line,Valid,,4043
msf_usb_sync_data_server.bi_other_stock_warehouse_order_cycle,TRUE,TRUE,FALSE,TRUE,bidirectional,Bidirectional,[],"['active', 'category_id/id', 'company_id/id', 'consumption_period_from', 'consumption_period_to', 'frequence_id/id', 'leadtime', 'location_id/id', 'manual_consumption', 'name', 'next_date', 'nomen_manda_0/id', 'nomen_manda_1/id', 'nomen_manda_2/id', 'nomen_manda_3/id', 'order_coverage', 'past_consumption', 'product_id/id', 'product_line_ids/id', 'reviewed_consumption', 'safety_stock_time', 'sublist_id/id', 'warehouse_id/id']",USB,stock.warehouse.order.cycle,,[OTHER] Stock Warehouse Order Cycle,Valid,,4044
msf_usb_sync_data_server.bi_other_stock_warehouse_order_cycle_line,TRUE,TRUE,FALSE,TRUE,bidirectional,Bidirectional,[],"['order_cycle_id/id', 'product_id/id', 'safety_stock', 'uom_id/id']",USB,stock.warehouse.order.cycle.line,,[OTHER] Stock Warehouse Order Cycle Line,Valid,,4045
msf_usb_sync_data_server.bi_other_threshold_value,TRUE,TRUE,FALSE,TRUE,bidirectional,Bidirectional,[],"['active', 'compute_method', 'consumption_method', 'consumption_period_from', 'consumption_period_to', 'frequency', 'lead_time', 'location_id/id', 'name', 'nomen_manda_0/id', 'nomen_manda_1/id', 'nomen_manda_2/id', 'nomen_manda_3/id', 'product_ids/id', 'safety_month', 'sublist_id/id', 'supplier_lt', 'warehouse_id/id']",USB,threshold.value,,[OTHER] Threshold Value,Valid,,4050
msf_usb_sync_data_server.bi_other_threshold_value_line,TRUE,TRUE,FALSE,TRUE,bidirectional,Bidirectional,[],"['fake_threshold_value', 'fixed_product_qty', 'fixed_threshold_value', 'product_id/id', 'product_uom_id/id', 'threshold_value_id/id', 'threshold_value_id2/id']",USB,threshold.value.line,,[OTHER] Threshold Value Line,Valid,,4051
msf_usb_sync_data_server.bi_other_procurement_rules_report,FALSE,TRUE,FALSE,TRUE,bidirectional,Bidirectional,[],"['auto_supply_ok', 'location_id/id', 'min_max_ok', 'nomen_manda_0/id', 'nomen_manda_1/id', 'nomen_manda_2/id', 'nomen_manda_3/id', 'order_cycle_ok', 'product_id/id', 'product_name', 'product_reference', 'threshold_ok']",USB,procurement.rules.report,,[OTHER] Procurement Rules Report,Valid,,4053
msf_usb_sync_data_server.rw_physical_inventory,TRUE,TRUE,TRUE,TRUE,rw_to_cp,Bidirectional,"[('state', '=', 'done')]","['company_id/id', 'date', 'date_done', 'move_ids/id', 'name', 'state', 'sublist_id/id']",USB,stock.inventory,,[INV] Physical Stock Inventory,Valid,,4100
msf_usb_sync_data_server.rw_physical_inventory_line,TRUE,TRUE,TRUE,TRUE,rw_to_cp,Bidirectional,"[('inventory_id.state', '=', 'done')]","['comment', 'company_id/id', 'dg_check', 'dont_move', 'exp_check', 'expiry_date', 'has_problem', 'hidden_batch_management_mandatory', 'hidden_perishable_mandatory', 'inactive_error', 'inactive_product', 'inventory_id/id', 'kc_check', 'location_id/id', 'lot_check', 'np_check', 'prod_lot_id/id', 'product_id/id', 'product_qty', 'product_uom/id', 'reason_type_id/id', 'ssl_check', 'state', 'to_correct_ok', 'type_check']",USB,stock.inventory.line,,[INV] Physical Stock Inventory Line,Valid,,4101
msf_usb_sync_data_server.rw_initial_inventory,TRUE,TRUE,TRUE,TRUE,rw_to_cp,Bidirectional,"[('state', '=', 'done')]","['company_id/id', 'date', 'date_done', 'move_ids/id', 'name', 'state', 'sublist_id/id']",USB,initial.stock.inventory,,[INV] Physical Initial Inventory,Valid,,4105
msf_usb_sync_data_server.rw_initial_inventory_line,TRUE,TRUE,TRUE,TRUE,rw_to_cp,Bidirectional,"[('inventory_id.state', '=', 'done')]","['average_cost','comment', 'company_id/id', 'dg_check', 'dont_move', 'exp_check', 'expiry_date', 'has_problem', 'hidden_batch_management_mandatory', 'hidden_perishable_mandatory', 'inactive_error', 'inactive_product', 'inventory_id/id', 'kc_check', 'location_id/id', 'lot_check', 'np_check', 'prod_lot_id/id', 'product_id/id', 'product_qty', 'product_uom/id', 'reason_type_id/id', 'ssl_check', 'state', 'to_correct_ok', 'type_check']",USB,initial.stock.inventory.line,,[INV] Initial Stock Inventory Line,Valid,,4106
msf_usb_sync_data_server.rw_inventory_moves,TRUE,TRUE,TRUE,TRUE,rw_to_cp,Bidirectional,"[('name', 'like','INV:'), ('state', '=', 'done')]","['company_id/id', 'date', 'date_expected', 'line_number', 'location_dest_id/id', 'location_id/id','init_inv_ids/id', 'inventory_ids/id', 'name', 'picking_id/id', 'product_id/id', 'product_qty', 'product_uom/id', 'product_uos/id', 'reason_type_id/id', 'expired_date', 'prodlot_id/id', 'state', 'purchase_line_id/id', 'length', 'pack_type/id', 'weight', 'height', 'width', 'from_pack', 'to_pack', 'total_amount', 'num_of_packs', 'sale_line_id/id', 'location_requestor_rw']",USB,stock.move,,[INV] Inventory moves (Physical+Initial INV),Valid,,4110
msf_usb_sync_data_server.rw_consumption_reports,TRUE,TRUE,TRUE,TRUE,rw_to_cp,Bidirectional,"[('state', '=', 'done')]","['activity_id/id', 'cons_location_id/id', 'creation_date', 'name', 'period_from', 'period_to', 'state']",USB,real.average.consumption,,[CONS] Real Consumption Report,Valid,,4200
msf_usb_sync_data_server.rw_consumption_report_lines,TRUE,TRUE,TRUE,TRUE,rw_to_cp,Bidirectional,"[('rac_id.state', '=', 'done')]","['asset_id/id', 'consumed_qty', 'expiry_date', 'move_id/id', 'prodlot_id/id', 'product_id/id', 'rac_id/id', 'uom_id/id']",USB,real.average.consumption.line,,[CONS] Real Consumption Report Line,Valid,,4210
msf_usb_sync_data_server.procurement_order,TRUE,TRUE,TRUE,TRUE,cp_to_rw,Bidirectional,[],"['close_move', 'company_id/id', 'date_close', 'date_planned', 'is_rfq', 'is_rfq_done', 'is_tender', 'is_tender_done', 'location_id/id', 'move_id/id', 'name', 'note', 'origin', 'po_cft', 'price_unit', 'priority', 'procure_method', 'product_id/id', 'product_qty', 'product_uom/id', 'product_uos/id', 'product_uos_qty', 'purchase_id/id', 'rfq_id/id', 'rfq_line_id/id', 'sale_id/id', 'so_back_update_dest_po_id_procurement_order/id', 'so_back_update_dest_pol_id_procurement_order/id', 'state', 'supplier/id', 'tender_id/id', 'tender_line_id/id']",USB,procurement.order,,[PROC]procurement_order,Valid,,4250
msf_usb_sync_data_server.user_groups,TRUE,TRUE,TRUE,TRUE,cp_to_rw,Bidirectional,[],"['comment', 'menu_access/id', 'name', 'visible_res_groups', 'is_an_admin_profile']",USB,res.groups,,[USER RIGHTS] User Groups,Valid,,4400
msf_usb_sync_data_server.ACL,TRUE,TRUE,TRUE,TRUE,cp_to_rw,Bidirectional,[],"['group_id/id', 'model_id/id', 'name', 'perm_create', 'perm_read', 'perm_unlink', 'perm_write']",USB,ir.model.access,,[USER RIGHTS] Access Control Lists,Valid,,4401
msf_usb_sync_data_server.record_rules,TRUE,TRUE,TRUE,TRUE,cp_to_rw,Bidirectional,[],"['domain_force', 'global', 'groups/id', 'model_id/id', 'name', 'perm_create', 'perm_read', 'perm_unlink', 'perm_write']",USB,ir.rule,,[USER RIGHTS] Record Rules,Valid,,4402
msf_usb_sync_data_server.access_rights_header,TRUE,TRUE,TRUE,TRUE,cp_to_rw,Bidirectional,[],"['active', 'comment', 'domain_id/id', 'domain_text', 'family_model_ids/id', 'group_ids/id', 'instance_level', 'model_id/id', 'model_name', 'name', 'status']",USB,msf_field_access_rights.field_access_rule,,[USER RIGHTS] Field Access Rules,Valid,,4403
msf_usb_sync_data_server.access_rights_lines,TRUE,TRUE,TRUE,TRUE,cp_to_rw,Bidirectional,[],"['field/id', 'field_access_rule/id', 'field_access_rule_model_id', 'field_name', 'value_not_synchronized_on_create', 'value_not_synchronized_on_write', 'write_access']",USB,msf_field_access_rights.field_access_rule_line,,[USER RIGHTS] Field Access Rule Lines,Valid,,4404
msf_usb_sync_data_server.button_access_rules,FALSE,TRUE,FALSE,TRUE,cp_to_rw,Bidirectional,[],"['active', 'comment', 'group_ids/id', 'group_names', 'label', 'model_id/id', 'name', 'type', 'view_id/id']",USB,msf_button_access_rights.button_access_rule,,[USER RIGHTS] Button Access Rules,Valid,,4405
msf_usb_sync_data_server.button_access_rules2,TRUE,TRUE,FALSE,TRUE,cp_to_rw,Bidirectional,[],"['active', 'comment', 'group_ids/id', 'group_names', 'label', 'model_id/id', 'name', 'type', 'view_id/id', 'xmlname']",USB,msf_button_access_rights.button_access_rule,,[USER RIGHTS] Button Access Rules,Valid,,4415
msf_sync_data_server.ir_translation_USB,TRUE,TRUE,TRUE,TRUE,cp_to_rw,Down,"[('res_id', '!=', 0), ('src', '!=', False), ('xml_id', '!=', False), ('lang', '!=', 'en_US'), ('type', '=', 'model'), ('name', 'in', ['res.partner.category,name','product.uom,name','product.template,description_purchase','product.template,description','product.template,description_sale','product.uom.categ,name','product.pricelist,name','product.category,name','product.nomenclature,name','product.product,form_value','product.product,function_value','product.product,fit_value','res.currency,currency_name','res.country,name','product.ul,name','product.price.type,name','product.pricelist.type,name','product.pricelist.version,name','account.analytic.account,name','account.fiscal.position,note','hr.employee.marital.status,name','account.period,name','account.tax.code,name','account.journal,name','account.tax,name','account.analytic.journal,name','account.account,name','stock.reason.type,name','product.template,name','product.justification.code,code'])]","['lang', 'src', 'name', 'value', 'type', 'xml_id']",USB,ir.translation,,[OTHER] Translations,Valid,,4406
